2014-09-02,158.81,162.64,158.03,162.56,4124613,(65536,)
2014-09-03,162.58,167.42,162.56,164.82,4204225,(65536,)
2014-09-04,164.7,165.94,163.68,165.06,2397587,(65536,)
2014-09-05,165.7,168.16,165.21,167.51,3473195,(65536,)
2014-09-09,167.65,167.97,164.0,164.08,2056281,(65536,)
2014-09-10,163.7,165.0,163.01,163.91,1786772,(65536,)
2014-09-11,163.87,164.82,161.48,161.98,3187554,(65536,)
2014-09-12,161.49,162.65,160.32,162.45,1735601,(65536,)
2014-09-15,161.9,161.91,158.8,159.41,3254386,(65536,)
2014-09-16,160.5,160.6,157.02,157.46,3482315,(65536,)
2014-09-17,158.47,159.54,157.34,158.23,2584128,(65536,)
2014-09-18,158.02,159.38,157.08,159.25,2648204,(65536,)
2014-09-19,159.25,160.98,158.5,160.85,2266599,(65536,)
2014-09-22,160.71,160.71,156.84,156.94,3719154,(65536,)
2014-09-23,156.7,157.5,156.36,157.48,3454611,(65536,)
2014-09-24,156.49,160.5,155.6,160.19,4344896,(65536,)
2014-09-25,160.92,163.98,160.9,162.19,5685144,(65536,)
2014-09-26,161.5,163.12,159.2,162.31,2271665,(65536,)
2014-09-29,162.33,163.2,161.39,162.47,2348859,(65536,)
2014-09-30,162.74,162.99,161.2,162.13,2157419,(65536,)
2014-10-08,161.0,161.1,157.8,160.73,4565282,(65536,)
2014-10-09,159.87,160.25,158.58,160.01,3624491,(65536,)
2014-10-10,159.02,159.8,157.7,159.02,4314771,(65536,)
2014-10-13,157.81,157.88,153.68,156.1,5317638,(65536,)
2014-10-14,155.0,156.99,154.44,154.91,2889594,(65536,)
2014-10-15,154.75,157.58,154.71,157.32,2223805,(65536,)
2014-10-16,156.1,158.19,156.1,157.32,2394969,(65536,)
2014-10-17,158.0,159.05,156.9,158.38,3097659,(65536,)
2014-10-20,158.38,158.5,156.4,156.92,3291008,(65536,)
2014-10-21,157.0,159.34,156.6,158.46,3991128,(65536,)
2014-10-22,158.44,159.46,157.5,159.08,2283641,(65536,)
2014-10-23,158.57,160.28,157.89,159.05,3191734,(65536,)
2014-10-24,158.95,159.89,157.69,158.88,1998007,(65536,)
2014-10-27,156.97,159.1,154.89,157.5,2797069,(65536,)
2014-10-28,157.32,159.1,157.18,158.74,2054841,(65536,)
2014-10-29,158.8,159.56,157.48,158.3,2142344,(65536,)
2014-10-30,158.0,158.0,155.1,155.42,4908702,(65536,)
2014-10-31,155.47,156.9,154.35,156.68,3642170,(65536,)
2014-11-03,156.75,156.88,155.45,155.58,2467006,(65536,)
2014-11-04,155.49,155.49,151.0,151.39,5594390,(65536,)
2014-11-05,151.05,151.05,145.5,146.15,7671979,(65536,)
2014-11-06,146.15,147.49,146.01,147.15,3636297,(65536,)
2014-11-07,147.17,148.3,147.11,148.04,4150731,(65536,)
2014-11-10,150.0,153.78,149.0,153.77,6232521,(65536,)
2014-11-11,154.3,155.2,152.01,153.35,4770689,(65536,)
2014-11-12,152.98,153.59,150.2,152.89,3082375,(65536,)
2014-11-13,152.72,152.73,149.68,151.58,4915556,(65536,)
2014-11-14,151.56,157.63,150.91,157.29,7522508,(65536,)
2014-11-17,168.0,168.0,160.0,160.05,15041623,(65536,)
2014-11-18,161.0,161.82,155.0,155.65,6349780,(65536,)
2014-11-19,155.57,155.65,152.61,153.07,4629074,(65536,)
2014-11-20,152.88,152.92,150.49,150.68,4625841,(65536,)
2014-11-21,150.56,153.2,150.2,153.13,4199078,(65536,)
2014-11-24,153.88,155.0,152.0,153.95,5387899,(65536,)
2014-11-25,153.42,154.85,152.8,154.64,5323130,(65536,)
2014-11-26,154.6,156.36,153.89,155.95,6385897,(65536,)
2014-11-27,155.0,157.22,154.0,156.68,9655151,(65536,)
2014-11-28,156.57,156.57,153.17,155.84,8828818,(65536,)
2014-12-01,156.57,161.0,156.0,160.06,12174001,(65536,)
2014-12-02,159.05,161.2,158.25,161.14,9926819,(65536,)
2014-12-03,162.44,168.3,162.36,164.83,11732264,(65536,)
2014-12-04,166.5,174.5,166.5,174.13,11778143,(65536,)
2014-12-05,177.99,178.96,168.6,170.92,11290144,(65536,)
2014-12-08,168.84,176.49,167.2,172.97,10089431,(65536,)
2014-12-09,172.0,186.62,171.5,172.86,15189028,(65536,)
2014-12-10,175.0,183.5,175.0,179.92,10665611,(65536,)
2014-12-11,180.0,181.94,175.29,175.89,5488215,(65536,)
2014-12-12,176.78,180.99,176.0,176.59,5105516,(65536,)
2014-12-15,176.6,184.1,175.43,184.04,7096432,(65536,)
2014-12-16,183.7,183.7,178.11,180.63,5112944,(65536,)
2014-12-17,179.99,181.45,177.8,179.07,6002047,(65536,)
2014-12-18,179.69,182.2,179.0,179.34,3856750,(65536,)
2014-12-19,179.06,181.98,178.0,180.82,4963106,(65536,)
2014-12-22,179.65,184.29,175.88,184.1,7362381,(65536,)
2014-12-23,183.78,193.49,182.01,188.86,8565082,(65536,)
2014-12-24,188.0,191.8,180.68,183.06,6355459,(65536,)
2014-12-25,183.15,186.0,181.01,185.83,4407168,(65536,)
2014-12-26,185.09,189.0,183.0,187.57,4267749,(65536,)
2014-12-29,188.1,190.0,182.0,183.48,8983865,(65536,)
2014-12-30,183.0,187.98,182.48,186.84,5617110,(65536,)
2014-12-31,185.6,190.0,185.0,189.62,4626936,(65536,)
2015-01-05,189.62,204.24,188.69,202.52,9451517,(65536,)
2015-01-06,200.0,202.56,196.02,197.83,5502001,(65536,)
2015-01-07,196.04,199.5,189.99,192.94,5479784,(65536,)
2015-01-08,194.0,194.52,190.14,191.76,4052530,(65536,)
2015-01-09,190.4,195.77,190.11,190.31,5398220,(65536,)
2015-01-12,190.0,192.59,184.46,186.43,4991459,(65536,)
2015-01-13,187.0,188.54,184.6,184.88,3670808,(65536,)
2015-01-14,185.0,186.5,180.88,183.18,5240344,(65536,)
2015-01-15,183.89,186.4,182.48,186.07,4858552,(65536,)
2015-01-16,186.2,188.0,185.98,186.11,3997806,(65536,)
2015-01-19,181.0,183.2,171.47,175.48,6467937,(65536,)
2015-01-20,176.02,180.5,173.0,178.08,6102274,(65536,)
2015-01-21,178.27,182.9,177.2,182.36,5267474,(65536,)
2015-01-22,182.37,184.36,180.0,181.23,3825481,(65536,)
2015-01-23,180.12,183.28,180.11,181.02,3308455,(65536,)
2015-01-26,181.7,183.5,181.05,182.8,3564906,(65536,)
2015-01-27,182.82,182.82,178.0,180.11,4188362,(65536,)
2015-01-28,179.0,180.4,177.3,177.47,3068066,(65536,)
2015-01-29,176.2,178.0,175.0,176.15,3249254,(65536,)
2015-01-30,176.99,181.0,176.5,177.18,4750834,(65536,)
2015-02-02,175.51,176.4,173.5,174.82,3398336,(65536,)
2015-02-03,177.48,178.65,176.2,178.37,2779280,(65536,)
2015-02-04,179.15,182.08,177.0,177.25,3529371,(65536,)
2015-02-05,178.97,180.9,174.0,174.05,4123962,(65536,)
2015-02-06,174.64,176.5,173.6,174.6,3710238,(65536,)
2015-02-09,175.77,185.1,175.0,184.3,8729358,(65536,)
2015-02-10,184.8,185.2,181.45,182.88,5363887,(65536,)
2015-02-11,182.4,184.25,182.08,183.15,2289479,(65536,)
2015-02-12,183.99,184.49,182.01,183.57,2505098,(65536,)
2015-02-13,184.11,184.5,181.4,182.49,4012705,(65536,)
2015-02-16,182.54,183.63,181.22,183.31,3952108,(65536,)
2015-02-17,183.55,183.89,181.91,182.22,3417255,(65536,)
2015-02-25,183.0,185.7,181.11,183.96,5993512,(65536,)
2015-02-26,183.8,188.39,183.55,186.64,6229772,(65536,)
2015-02-27,186.9,194.5,186.8,191.05,6337094,(65536,)
2015-03-02,190.8,193.8,189.0,190.73,3109870,(65536,)
2015-03-03,189.3,192.0,185.16,185.95,4299960,(65536,)
2015-03-04,186.99,188.01,184.6,187.19,4066223,(65536,)
2015-03-05,185.01,187.03,184.05,185.52,3620624,(65536,)
2015-03-06,185.35,186.48,183.27,183.62,2547066,(65536,)
2015-03-09,185.8,192.99,183.8,191.56,4348603,(65536,)
2015-03-10,190.94,191.5,187.28,187.83,2963706,(65536,)
2015-03-11,187.83,193.0,187.8,191.98,4058339,(65536,)
2015-03-12,193.0,195.99,191.4,192.75,3849640,(65536,)
2015-03-13,192.7,193.9,188.58,189.91,2547927,(65536,)
2015-03-16,190.06,194.5,187.01,193.76,3116097,(65536,)
2015-03-17,194.99,198.69,194.89,196.77,4590408,(65536,)
2015-03-18,196.8,199.99,195.52,199.45,3930446,(65536,)
2015-03-19,198.54,198.99,194.06,195.28,3353977,(65536,)
2015-03-20,194.2,194.99,190.88,193.15,5137371,(65536,)
2015-03-23,194.67,196.75,193.2,195.08,4097901,(65536,)
2015-03-24,195.3,197.44,192.1,195.69,6007944,(65536,)
2015-03-25,193.0,195.1,192.06,192.78,4224030,(65536,)
2015-03-26,193.55,199.9,192.0,198.56,6710525,(65536,)
2015-03-27,198.0,198.56,192.95,194.55,4014459,(65536,)
2015-03-30,194.68,198.95,193.1,196.77,6345139,(65536,)
2015-03-31,196.68,200.77,194.02,195.96,8813097,(65536,)
2015-04-01,196.03,197.56,194.48,195.34,7687523,(65536,)
2015-04-03,194.0,197.01,192.78,196.81,5121088,(65536,)
2015-04-07,196.85,201.08,195.8,200.67,5982433,(65536,)
2015-04-08,202.5,210.68,201.59,204.5,13585716,(65536,)
2015-04-09,204.48,205.88,199.05,200.0,6239973,(65536,)
2015-04-10,199.99,202.99,199.61,200.22,10201946,(65536,)
2015-04-13,201.55,204.49,198.94,203.9,9135609,(65536,)
2015-04-14,204.0,209.28,203.96,206.0,8190313,(65536,)
2015-04-15,209.1,209.78,204.16,205.7,5500520,(65536,)
2015-04-16,208.55,226.27,207.83,226.27,8601417,(65536,)
2015-04-17,238.9,248.7,228.28,232.56,19209491,(65536,)
2015-04-20,230.0,245.7,229.0,234.03,13058871,(65536,)
2015-04-21,240.0,257.43,240.0,257.43,12240188,(65536,)
2015-04-22,268.8,269.0,257.11,263.89,13463506,(65536,)
2015-04-23,264.0,264.17,252.98,256.04,8603012,(65536,)
2015-04-24,251.88,259.68,245.01,258.49,10053123,(65536,)
2015-04-27,257.58,267.8,252.99,255.79,7897335,(65536,)
2015-04-28,254.0,258.6,247.05,247.89,8729177,(65536,)
2015-04-29,246.1,253.0,246.1,249.78,5930057,(65536,)
2015-04-30,251.15,254.9,247.75,252.23,6406407,(65536,)
2015-05-04,252.66,259.0,250.02,254.97,5473902,(65536,)
2015-05-05,252.0,252.0,239.88,240.95,7370003,(65536,)
2015-05-06,243.98,246.99,240.01,242.68,6032432,(65536,)
2015-05-07,245.0,251.88,242.56,244.93,6810290,(65536,)
2015-05-08,246.12,254.88,245.9,254.17,5780559,(65536,)
2015-05-11,251.5,257.99,250.0,257.44,6134570,(65536,)
2015-05-12,257.2,257.2,252.0,254.42,4703129,(65536,)
2015-05-13,253.8,262.97,252.5,256.4,5891341,(65536,)
2015-05-14,256.25,259.5,251.22,251.41,4185329,(65536,)
2015-05-15,251.41,253.49,241.61,245.17,5418507,(65536,)
2015-05-18,245.0,245.0,240.1,241.14,3536324,(65536,)
2015-05-19,241.05,250.22,240.2,250.04,4763777,(65536,)
2015-05-20,252.0,260.0,249.3,253.95,6377150,(65536,)
2015-05-21,256.0,261.3,254.01,258.59,4766913,(65536,)
2015-05-22,259.68,276.8,259.59,275.86,6664906,(65536,)
2015-05-25,270.0,288.49,269.0,286.83,6747362,(65536,)
2015-05-26,286.6,290.0,283.96,285.54,6091468,(65536,)
2015-05-27,285.52,289.32,273.0,276.9,4693479,(65536,)
2015-05-28,275.25,281.0,260.1,261.11,6088499,(65536,)
2015-05-29,260.01,269.0,259.89,263.83,5778309,(65536,)
2015-06-01,263.94,272.98,259.8,271.46,6581670,(65536,)
2015-06-02,270.5,270.5,260.66,266.62,6463560,(65536,)
2015-06-03,265.18,266.62,260.01,262.79,4642403,(65536,)
2015-06-04,262.98,265.0,240.0,258.21,9236273,(65536,)
2015-06-05,258.11,262.1,246.0,253.84,8573823,(65536,)
2015-06-08,251.51,267.54,249.8,264.64,9600797,(65536,)
2015-06-09,265.0,269.8,256.5,259.03,7785186,(65536,)
2015-06-10,255.64,266.88,253.8,261.05,8046208,(65536,)
2015-06-11,260.0,264.5,257.77,260.06,5295454,(65536,)
2015-06-12,262.12,273.0,261.0,266.0,9090952,(65536,)
2015-06-15,266.98,272.0,260.08,260.89,10001422,(65536,)
2015-06-16,259.0,265.8,252.5,253.95,6930384,(65536,)
2015-06-17,253.96,257.76,249.0,255.09,5838881,(65536,)
2015-06-18,253.02,254.8,240.6,243.97,6150650,(65536,)
2015-06-19,245.87,248.49,234.02,235.31,6760866,(65536,)
2015-06-23,239.8,255.85,234.13,252.25,8124734,(65536,)
2015-06-24,250.0,265.2,247.65,261.21,9570694,(65536,)
2015-06-25,261.5,262.03,250.21,251.79,6652166,(65536,)
2015-06-26,250.02,255.75,235.3,242.45,9933201,(65536,)
2015-06-29,248.37,256.5,227.8,246.64,16507167,(65536,)
2015-06-30,246.64,259.82,246.0,257.65,12629819,(65536,)
2015-07-01,255.0,268.5,250.98,257.49,10332654,(65536,)
2015-07-02,255.3,282.6,245.01,260.3,11845972,(65536,)
2015-07-03,255.0,260.5,242.2,249.81,10960531,(65536,)
2015-07-06,267.95,267.99,239.5,254.04,27279966,(65536,)
2015-07-07,250.0,256.58,239.5,244.18,16756224,(65536,)
2015-07-08,229.0,244.99,219.76,236.86,28914054,(65536,)
2015-07-09,236.86,260.41,233.0,257.94,13820334,(65536,)
2015-07-10,257.0,283.0,251.96,265.59,25614930,(65536,)
2015-07-13,258.0,265.58,251.0,257.75,14892616,(65536,)
2015-07-14,255.0,255.18,247.2,249.05,9676830,(65536,)
2015-07-15,247.5,252.7,243.28,251.26,10407746,(65536,)
2015-07-16,251.26,254.18,248.26,251.59,7281433,(65536,)
2015-07-17,229.0,229.99,224.74,228.29,5641853,(65536,)
2015-07-20,227.15,227.9,222.5,225.11,6793355,(65536,)
2015-07-21,221.75,224.2,220.0,221.66,5178996,(65536,)
2015-07-22,220.0,222.0,216.58,217.13,7085510,(65536,)
2015-07-23,217.99,220.6,215.77,219.54,6474810,(65536,)
2015-07-24,220.5,223.69,218.75,219.21,5739009,(65536,)
2015-07-27,217.0,221.3,201.0,201.52,7694415,(65536,)
2015-07-28,199.86,209.44,197.48,205.83,8670357,(65536,)
2015-07-29,207.78,210.0,202.13,207.74,6650743,(65536,)
2015-07-30,208.83,208.83,205.1,205.96,4113400,(65536,)
2015-07-31,206.7,206.93,203.0,206.83,4073664,(65536,)
2015-08-03,205.0,209.99,203.0,209.56,5455303,(65536,)
2015-08-04,209.26,213.98,209.26,211.97,5953396,(65536,)
2015-08-05,212.93,213.85,206.94,207.19,4314385,(65536,)
2015-08-06,206.23,207.5,203.0,204.96,3924980,(65536,)
2015-08-07,207.49,208.6,205.6,206.93,3952134,(65536,)
2015-08-10,207.01,213.0,205.13,212.3,5649643,(65536,)
2015-08-11,212.3,212.41,210.01,210.75,5089705,(65536,)
2015-08-12,209.99,214.29,208.75,209.47,4582434,(65536,)
2015-08-13,211.5,211.5,206.0,209.51,3518025,(65536,)
2015-08-14,210.5,211.4,209.25,209.98,3066690,(65536,)
2015-08-17,208.02,208.82,204.0,206.22,5385832,(65536,)
2015-08-18,206.98,207.5,200.35,201.06,5128552,(65536,)
2015-08-19,199.75,202.16,198.18,201.62,5026180,(65536,)
2015-08-20,200.83,201.0,194.9,195.07,3964503,(65536,)
2015-08-21,191.52,194.86,186.12,186.33,7562061,(65536,)
2015-08-24,181.0,181.5,168.2,169.64,8981284,(65536,)
2015-08-25,167.46,182.51,166.2,176.59,12308058,(65536,)
2015-08-26,176.76,188.5,175.0,183.88,9157253,(65536,)
2015-08-27,190.0,199.9,184.89,197.07,8705201,(65536,)
2015-08-28,195.0,195.29,187.13,192.65,8992583,(65536,)
2015-08-31,189.34,195.5,185.18,195.37,6273019,(65536,)
2015-09-01,191.82,195.0,188.0,194.37,8743269,(65536,)
2015-09-02,190.11,195.0,189.2,194.61,10694546,(65536,)
2015-09-07,192.6,194.0,188.65,188.71,3221642,(65536,)
2015-09-08,188.46,190.47,185.0,189.32,3309858,(65536,)
2015-09-09,190.14,193.87,190.14,191.86,3521516,(65536,)
2015-09-10,190.38,193.3,189.14,193.21,2685248,(65536,)
2015-09-11,191.88,194.1,191.05,192.91,1693214,(65536,)
2015-09-14,192.43,202.8,187.9,202.53,8617555,(65536,)
2015-09-15,198.01,202.02,195.12,202.0,5188434,(65536,)
2015-09-16,200.01,209.54,197.73,204.55,3719802,(65536,)
2015-09-17,202.6,205.8,197.61,198.0,2642300,(65536,)
2015-09-18,198.6,200.89,198.0,199.43,1564276,(65536,)
2015-09-21,198.01,200.7,198.0,199.3,1652767,(65536,)
2015-09-22,200.77,201.18,198.98,199.27,1645740,(65536,)
2015-09-23,197.15,198.99,194.1,194.72,2234432,(65536,)
2015-09-24,195.8,196.28,192.8,194.0,1388674,(65536,)
2015-09-25,193.99,194.9,189.5,193.46,2445597,(65536,)
2015-09-28,191.48,192.3,189.23,191.38,1234110,(65536,)
2015-09-29,189.55,191.37,188.3,190.17,1840982,(65536,)
2015-09-30,190.23,191.48,190.17,190.31,1163463,(65536,)
2015-10-08,198.78,201.58,197.0,197.52,3439179,(65536,)
2015-10-09,198.78,198.9,196.5,196.95,1572174,(65536,)
2015-10-12,199.0,204.49,197.85,198.09,4903000,(65536,)
2015-10-13,198.09,200.09,198.09,198.74,1575113,(65536,)
2015-10-14,198.98,199.5,197.01,197.83,1521339,(65536,)
2015-10-15,198.16,200.37,197.56,199.99,1655013,(65536,)
2015-10-16,201.22,202.4,199.41,200.74,1923843,(65536,)
2015-10-19,204.94,204.94,201.9,202.72,2612145,(65536,)
2015-10-20,202.02,202.88,201.18,201.97,1478429,(65536,)
2015-10-21,202.08,202.55,197.01,200.31,2234914,(65536,)
2015-10-22,200.24,202.73,199.43,202.53,2372030,(65536,)
2015-10-23,205.8,217.6,205.55,210.98,5627734,(65536,)
2015-10-26,212.0,218.3,208.0,217.73,4334626,(65536,)
2015-10-27,217.1,217.68,212.58,215.25,2257279,(65536,)
2015-10-28,214.99,214.99,211.9,212.44,1655922,(65536,)
2015-10-29,212.0,214.79,212.0,213.0,1345435,(65536,)
2015-10-30,212.95,215.8,212.12,213.86,1225791,(65536,)
2015-11-02,214.6,215.86,212.5,212.56,1529820,(65536,)
2015-11-03,212.92,215.76,208.4,209.71,2317329,(65536,)
2015-11-04,210.58,216.0,210.11,214.98,3080972,(65536,)
2015-11-05,214.6,223.28,213.5,216.56,4998258,(65536,)
2015-11-06,217.35,218.6,215.56,218.42,2169571,(65536,)
2015-11-09,222.0,224.66,219.0,220.83,4052729,(65536,)
2015-11-10,220.0,224.12,219.16,222.38,2872976,(65536,)
2015-11-11,222.01,223.0,218.6,220.15,2381550,(65536,)
2015-11-12,220.23,223.0,219.38,220.01,1618085,(65536,)
2015-11-13,218.1,219.5,214.83,215.11,2839718,(65536,)
2015-11-16,212.5,216.5,212.0,213.78,2391670,(65536,)
2015-11-17,214.72,217.5,213.14,214.36,2198635,(65536,)
2015-11-18,213.59,216.0,213.59,214.66,1972554,(65536,)
2015-11-19,214.0,216.0,213.9,215.03,1526276,(65536,)
2015-11-20,215.14,215.78,213.1,213.72,2227423,(65536,)
2015-11-23,213.0,213.84,212.51,212.62,2099473,(65536,)
2015-11-24,212.39,213.28,210.0,211.69,2046902,(65536,)
2015-11-25,211.7,213.0,210.4,212.98,2424981,(65536,)
2015-11-26,213.49,213.79,211.83,212.84,1880453,(65536,)
2015-11-27,212.49,212.54,206.63,207.74,1622072,(65536,)
2015-11-30,208.04,214.78,207.79,214.31,3344003,(65536,)
2015-12-01,213.0,213.95,211.0,213.8,1887754,(65536,)
2015-12-02,214.48,227.0,212.0,221.58,4789145,(65536,)
2015-12-03,219.0,221.4,216.7,220.2,2238683,(65536,)
2015-12-04,219.96,219.96,215.01,215.31,2084871,(65536,)
2015-12-07,215.0,216.98,213.2,214.51,1925509,(65536,)
2015-12-08,214.55,214.55,211.46,211.94,1739368,(65536,)
2015-12-09,211.58,215.05,211.5,214.47,1411977,(65536,)
2015-12-10,215.0,216.2,211.99,212.96,1378671,(65536,)
2015-12-11,212.5,212.5,210.5,211.41,1303548,(65536,)
2015-12-14,210.19,214.88,209.0,214.1,2070134,(65536,)
2015-12-15,213.8,214.59,212.08,214.51,1508839,(65536,)
2015-12-16,214.41,214.64,212.59,213.91,2014480,(65536,)
2015-12-17,214.39,216.88,214.0,215.86,2425321,(65536,)
2015-12-18,215.5,219.15,215.11,216.88,2846020,(65536,)
2015-12-21,218.0,229.18,218.0,227.03,5939189,(65536,)
2015-12-22,226.8,226.8,223.28,225.03,2840245,(65536,)
2015-12-23,225.45,226.69,222.7,223.0,2237497,(65536,)
2015-12-24,223.98,225.68,223.2,224.78,1557788,(65536,)
2015-12-25,225.0,225.66,222.88,224.5,1154295,(65536,)
2015-12-28,225.48,226.0,219.0,219.12,2559452,(65536,)
2015-12-29,218.62,220.44,218.51,219.83,1577433,(65536,)
2015-12-30,220.18,220.66,217.52,218.86,2014766,(65536,)
2015-12-31,218.22,219.5,217.82,218.19,1967387,(65536,)
2016-01-04,218.0,218.0,209.99,210.02,1734969,(65536,)
2016-01-05,210.0,213.97,207.51,212.82,3190891,(65536,)
2016-01-06,212.78,213.66,209.3,212.18,2376090,(65536,)
2016-01-07,208.99,208.99,200.03,202.23,814868,(65536,)
2016-01-08,204.17,208.0,200.0,204.63,4451009,(65536,)
2016-01-11,203.16,203.79,199.4,199.86,2970258,(65536,)
2016-01-12,201.1,202.1,196.0,196.79,4028723,(65536,)
2016-01-13,199.1,206.0,198.6,199.78,2920198,(65536,)
2016-01-14,197.11,205.98,195.51,204.82,3477606,(65536,)
2016-01-15,204.75,206.18,198.0,199.0,2668119,(65536,)
2016-01-18,198.0,202.4,197.2,199.43,2737123,(65536,)
2016-01-19,201.0,210.33,200.01,210.24,5911022,(65536,)
2016-01-20,207.0,210.16,201.01,202.32,4096866,(65536,)
2016-01-21,201.26,204.59,199.9,200.26,2183229,(65536,)
2016-01-22,203.11,203.4,198.81,202.74,2273348,(65536,)
2016-01-25,203.0,203.49,201.5,202.77,1375045,(65536,)
2016-01-26,200.99,204.47,198.5,199.01,2228092,(65536,)
2016-01-27,199.98,200.89,195.7,199.93,2984041,(65536,)
2016-01-28,199.75,199.75,195.62,196.64,1790300,(65536,)
2016-01-29,197.48,202.5,197.0,200.65,2309024,(65536,)
2016-02-01,202.1,202.8,199.89,201.29,1917802,(65536,)
2016-02-02,202.0,204.8,200.64,204.55,1784208,(65536,)
2016-02-03,202.58,204.56,201.5,203.66,1515699,(65536,)
2016-02-04,204.8,205.88,203.54,204.99,1662475,(65536,)
2016-02-05,204.99,205.18,202.53,203.87,1422767,(65536,)
2016-02-15,200.0,203.0,199.6,200.41,1947018,(65536,)
2016-02-16,200.56,208.0,200.56,203.92,1922316,(65536,)
2016-02-17,203.74,204.92,200.51,202.3,2034911,(65536,)
2016-02-18,203.2,203.6,201.1,201.71,1889256,(65536,)
2016-02-19,201.62,203.18,201.13,203.11,1423846,(65536,)
2016-02-22,206.0,208.32,206.0,207.8,2775986,(65536,)
2016-02-23,207.77,214.98,207.02,212.41,3746089,(65536,)
2016-02-24,212.2,218.03,211.01,217.74,3312902,(65536,)
2016-02-25,218.8,220.48,212.13,212.41,3948065,(65536,)
2016-02-26,213.1,219.25,211.26,216.84,2833271,(65536,)
2016-02-29,218.99,220.88,206.8,214.91,4771246,(65536,)
2016-03-01,215.96,220.3,210.4,218.42,3400459,(65536,)
2016-03-02,219.0,225.5,218.67,224.22,4794266,(65536,)
2016-03-03,225.0,231.98,221.66,227.81,4019328,(65536,)
2016-03-04,226.88,240.16,225.01,238.78,8583869,(65536,)
2016-03-07,238.11,240.0,231.05,233.64,3934555,(65536,)
2016-03-08,233.3,233.3,227.0,229.21,2614722,(65536,)
2016-03-09,227.0,232.65,226.1,227.44,1640260,(65536,)
2016-03-10,228.99,233.7,228.0,228.06,2572746,(65536,)
2016-03-11,226.54,231.88,225.5,228.05,1632008,(65536,)
2016-03-14,230.76,233.5,222.2,224.57,4527783,(65536,)
2016-03-15,224.8,234.39,224.34,231.92,3635633,(65536,)
2016-03-16,230.22,232.5,225.0,228.61,2425097,(65536,)
2016-03-17,230.0,234.1,228.3,229.56,2882095,(65536,)
2016-03-18,232.0,232.26,225.78,226.0,7056894,(65536,)
2016-03-21,226.66,232.02,226.65,231.98,3854745,(65536,)
2016-03-22,232.26,238.18,231.5,234.49,4176661,(65536,)
2016-03-23,235.2,237.0,232.68,234.97,2141206,(65536,)
2016-03-24,235.0,245.4,231.3,242.66,6206802,(65536,)
2016-03-25,242.5,249.79,241.02,244.98,4475616,(65536,)
2016-03-28,244.98,253.38,244.98,249.58,4833765,(65536,)
2016-03-29,249.6,251.0,244.44,248.11,3668805,(65536,)
2016-03-30,249.0,250.4,245.48,248.66,2778260,(65536,)
2016-03-31,249.84,250.3,246.99,247.64,1945734,(65536,)
2016-04-01,248.95,250.49,244.54,245.09,2514607,(65536,)
2016-04-05,243.0,247.5,243.0,245.52,2504785,(65536,)
2016-04-06,245.8,257.6,245.8,257.21,4842492,(65536,)
2016-04-07,256.89,257.48,252.62,254.11,2553639,(65536,)
2016-04-08,252.0,255.89,248.2,249.86,2315602,(65536,)
2016-04-11,250.5,255.18,243.5,243.72,11928468,(65536,)
2016-04-12,243.7,245.0,242.1,244.92,2333909,(65536,)
2016-04-13,245.4,248.63,241.7,242.24,5427425,(65536,)
2016-04-14,242.38,244.83,241.0,242.76,2866437,(65536,)
2016-04-15,242.64,244.98,241.2,244.9,1902926,(65536,)
2016-04-18,242.8,246.0,242.5,243.68,1859304,(65536,)
2016-04-19,244.59,245.19,241.45,243.18,1423668,(65536,)
2016-04-20,243.19,244.4,235.8,238.44,3370850,(65536,)
2016-04-21,240.5,242.3,238.3,240.37,2967222,(65536,)
2016-04-22,241.0,247.88,240.37,247.4,3545938,(65536,)
2016-04-25,247.12,248.1,243.3,244.52,2499028,(65536,)
2016-04-26,244.95,246.88,243.0,243.86,1515668,(65536,)
2016-04-27,244.5,245.48,243.49,244.88,1391510,(65536,)
2016-04-28,245.83,246.74,244.0,246.44,1715655,(65536,)
2016-04-29,247.39,252.43,247.39,251.2,4607949,(65536,)
2016-05-03,250.55,262.28,250.55,260.0,5647486,(65536,)
2016-05-04,260.0,262.39,255.99,256.21,2863626,(65536,)
2016-05-05,256.5,258.15,255.5,257.77,1351789,(65536,)
2016-05-06,257.31,258.52,251.12,252.22,2717369,(65536,)
2016-05-09,250.13,252.8,249.01,250.82,2779918,(65536,)
2016-05-10,249.5,254.0,249.11,252.08,3350589,(65536,)
2016-05-11,252.35,260.48,252.35,256.87,4927713,(65536,)
2016-05-12,254.02,256.56,252.0,255.96,1889411,(65536,)
2016-05-13,255.98,258.9,250.5,250.96,2814561,(65536,)
2016-05-16,250.86,251.8,247.3,251.63,2220273,(65536,)
2016-05-17,251.01,252.4,249.83,250.03,1178569,(65536,)
2016-05-18,249.08,251.85,243.1,244.44,2838034,(65536,)
2016-05-19,245.16,248.5,244.5,245.77,2088943,(65536,)
2016-05-20,246.84,252.18,244.32,251.26,2550157,(65536,)
2016-05-23,249.72,254.99,249.72,254.2,1870618,(65536,)
2016-05-24,254.41,255.21,250.1,251.94,1167440,(65536,)
2016-05-25,254.48,254.94,251.01,251.86,1778534,(65536,)
2016-05-26,251.99,253.8,249.2,252.71,1812026,(65536,)
2016-05-27,252.72,254.69,251.38,252.44,1323044,(65536,)
2016-05-30,251.5,256.5,250.0,256.13,2980692,(65536,)
2016-05-31,256.0,266.62,255.2,264.47,5394965,(65536,)
2016-06-01,265.4,265.5,263.0,263.79,2187669,(65536,)
2016-06-02,263.01,268.68,263.01,267.74,2476076,(65536,)
2016-06-03,267.0,286.74,266.4,283.89,6479813,(65536,)
2016-06-06,282.0,283.0,275.0,276.05,3726166,(65536,)
2016-06-07,276.5,278.49,275.01,277.85,1875353,(65536,)
2016-06-08,276.4,277.86,273.5,274.28,2388209,(65536,)
2016-06-13,273.35,276.66,266.25,267.06,3777506,(65536,)
2016-06-14,267.71,273.8,267.71,272.75,2558729,(65536,)
2016-06-15,270.71,277.8,270.21,276.49,2732201,(65536,)
2016-06-16,274.86,277.8,273.78,274.02,1964357,(65536,)
2016-06-17,273.6,282.49,273.6,278.26,2470518,(65536,)
2016-06-20,279.77,279.86,274.0,276.11,1901926,(65536,)
2016-06-21,277.04,277.94,273.0,273.81,1674933,(65536,)
2016-06-22,273.77,279.36,272.77,278.44,2088448,(65536,)
2016-06-23,279.97,279.97,274.88,276.44,1398451,(65536,)
2016-06-24,275.28,277.0,267.2,273.77,2012951,(65536,)
2016-06-27,275.0,292.3,275.0,287.68,6364269,(65536,)
2016-06-28,287.02,289.66,286.32,288.21,2428223,(65536,)
2016-06-29,287.55,289.45,284.2,288.18,2814760,(65536,)
2016-06-30,290.02,298.2,290.02,291.92,3802240,(65536,)
2016-07-01,287.2,291.88,284.0,286.17,2601495,(65536,)
2016-07-04,287.0,295.4,286.0,293.9,2948864,(65536,)
2016-07-05,295.03,303.1,295.03,300.58,4170773,(65536,)
2016-07-06,299.8,318.0,299.01,317.19,4734770,(65536,)
2016-07-07,315.8,326.8,312.08,316.91,5072520,(65536,)
2016-07-08,313.53,315.5,306.16,309.91,4554563,(65536,)
2016-07-11,309.03,324.0,309.03,315.14,5748167,(65536,)
2016-07-12,315.76,326.6,315.0,324.73,5311945,(65536,)
2016-07-13,323.03,324.73,315.05,317.19,5344828,(65536,)
2016-07-14,316.09,320.8,315.2,317.09,2923085,(65536,)
2016-07-15,317.12,318.03,315.06,317.52,2681101,(65536,)
2016-07-18,317.5,319.5,315.66,316.21,2335289,(65536,)
2016-07-19,315.5,316.3,305.55,308.11,4143166,(65536,)
2016-07-20,308.62,310.87,307.5,308.56,1773384,(65536,)
2016-07-21,310.15,317.6,309.0,314.38,3300949,(65536,)
2016-07-22,312.9,315.2,307.38,307.92,2887145,(65536,)
2016-07-25,307.6,314.19,307.0,311.26,2362353,(65536,)
2016-07-26,309.01,319.5,308.5,319.04,3555567,(65536,)
2016-07-27,319.85,320.6,308.3,314.01,3922806,(65536,)
2016-07-28,312.0,319.3,311.5,316.05,3964399,(65536,)
2016-07-29,315.08,318.88,313.0,313.15,2900737,(65536,)
2016-08-01,313.0,313.95,305.0,306.96,3170185,(65536,)
2016-08-02,307.25,310.5,302.85,306.21,2654142,(65536,)
2016-08-03,307.0,307.9,304.15,306.82,2403907,(65536,)
2016-08-04,306.85,308.33,304.22,306.3,2179364,(65536,)
2016-08-05,306.49,308.37,305.03,305.93,2030848,(65536,)
2016-08-08,306.15,308.3,303.06,308.1,2200740,(65536,)
2016-08-09,308.17,317.67,306.42,315.75,3928967,(65536,)
2016-08-10,315.05,316.5,313.33,313.81,2094471,(65536,)
2016-08-11,314.38,321.57,314.01,316.77,3193972,(65536,)
2016-08-12,317.4,317.4,314.01,316.97,2335283,(65536,)
2016-08-15,315.8,321.69,314.15,318.78,3411013,(65536,)
2016-08-16,322.0,322.48,308.0,309.52,8837869,(65536,)
2016-08-17,309.6,310.97,306.5,308.16,4375406,(65536,)
2016-08-18,307.95,309.65,305.13,306.43,3100599,(65536,)
2016-08-19,305.8,307.45,304.8,306.48,1914091,(65536,)
2016-08-22,306.13,309.58,306.0,307.32,2081270,(65536,)
2016-08-23,307.33,309.04,305.8,306.88,1991426,(65536,)
2016-08-24,307.02,307.49,303.83,305.28,2277942,(65536,)
2016-08-25,305.2,305.38,300.07,303.01,2536258,(65536,)
2016-08-26,303.14,304.55,300.4,301.45,2143645,(65536,)
2016-08-29,308.0,308.8,305.2,307.53,3805557,(65536,)
2016-08-30,307.0,308.5,304.67,305.86,2117052,(65536,)
2016-08-31,306.7,310.76,305.54,310.19,4040144,(65536,)
2016-09-01,309.7,312.0,308.25,308.71,1718597,(65536,)
2016-09-02,308.0,309.45,304.88,305.78,1857224,(65536,)
2016-09-05,306.2,309.0,305.81,308.5,1913870,(65536,)
2016-09-06,308.5,310.36,308.35,309.94,2062583,(65536,)
2016-09-07,309.68,309.68,305.5,306.6,2964515,(65536,)
2016-09-08,305.21,306.5,304.41,305.82,1670578,(65536,)
2016-09-09,306.65,306.86,304.0,304.63,1622251,(65536,)
2016-09-12,302.0,304.0,297.77,298.06,3823881,(65536,)
2016-09-13,299.95,300.97,299.3,300.43,1625588,(65536,)
2016-09-14,300.1,302.2,298.01,299.57,1852765,(65536,)
2016-09-19,300.05,301.57,299.88,300.13,1285210,(65536,)
2016-09-20,300.78,300.8,294.0,294.96,3489260,(65536,)
2016-09-21,295.06,295.39,289.11,294.05,3903723,(65536,)
2016-09-22,294.3,299.98,294.01,296.98,2960617,(65536,)
2016-09-23,297.02,298.95,295.4,297.68,1267190,(65536,)
2016-09-26,297.0,297.01,288.55,288.73,3717608,(65536,)
2016-09-27,288.88,291.98,288.76,291.17,1791582,(65536,)
2016-09-28,291.79,291.79,287.56,288.41,2236001,(65536,)
2016-09-29,287.85,293.0,287.85,290.98,2370569,(65536,)
2016-09-30,290.0,299.63,290.0,297.91,2960350,(65536,)
2016-10-10,298.51,303.86,298.51,302.96,2110362,(65536,)
2016-10-11,304.0,309.0,303.0,308.92,4173675,(65536,)
2016-10-12,308.5,308.5,304.9,305.82,1928602,(65536,)
2016-10-13,306.8,306.94,303.51,303.89,1614398,(65536,)
2016-10-14,303.47,306.0,303.2,305.6,1269092,(65536,)
2016-10-17,305.45,305.5,301.5,302.45,1895703,(65536,)
2016-10-18,302.5,308.5,302.0,307.16,3038931,(65536,)
2016-10-19,308.5,308.75,305.1,306.45,1412328,(65536,)
2016-10-20,307.39,307.39,304.8,305.48,1407992,(65536,)
2016-10-21,305.08,305.48,302.59,304.19,1148332,(65536,)
2016-10-24,302.6,307.0,302.6,306.93,2624652,(65536,)
2016-10-25,307.39,313.0,307.39,312.94,4376239,(65536,)
2016-10-26,313.0,318.31,311.65,313.68,4681307,(65536,)
2016-10-27,312.99,318.22,311.01,316.87,3295162,(65536,)
2016-10-28,317.5,318.43,314.0,317.05,2013733,(65536,)
2016-10-31,319.0,322.8,316.8,317.95,4359610,(65536,)
2016-11-01,317.95,319.0,315.55,316.68,1951239,(65536,)
2016-11-02,316.09,317.16,313.68,315.18,2063642,(65536,)
2016-11-03,315.0,316.46,314.15,315.86,1869081,(65536,)
2016-11-04,315.99,318.25,313.98,314.82,2061927,(65536,)
2016-11-07,315.0,317.0,313.2,315.33,1604780,(65536,)
2016-11-08,316.5,322.18,315.68,320.0,3419383,(65536,)
2016-11-09,320.0,321.97,313.8,316.81,3000449,(65536,)
2016-11-10,319.1,321.0,317.73,319.13,1780496,(65536,)
2016-11-11,317.99,318.3,314.8,315.08,3590265,(65536,)
2016-11-14,315.55,315.87,309.99,310.99,3992049,(65536,)
2016-11-15,310.03,315.65,310.03,314.01,2447055,(65536,)
2016-11-16,313.81,315.4,312.0,313.15,1339981,(65536,)
2016-11-17,312.08,313.0,310.53,311.04,1833776,(65536,)
2016-11-18,311.16,311.8,309.88,310.0,1937769,(65536,)
2016-11-21,311.02,311.66,308.37,309.5,2608384,(65536,)
2016-11-22,310.3,310.45,308.37,308.87,2642427,(65536,)
2016-11-23,311.0,313.0,309.11,312.95,3401504,(65536,)
2016-11-24,313.2,317.0,311.42,316.93,3907870,(65536,)
2016-11-25,317.04,318.0,313.42,316.89,2236967,(65536,)
2016-11-28,317.55,320.18,316.6,319.5,4925301,(65536,)
2016-11-29,320.7,330.45,319.41,323.96,5883062,(65536,)
2016-11-30,321.22,323.3,318.45,319.08,2675237,(65536,)
2016-12-01,320.0,324.59,318.68,321.02,2794182,(65536,)
2016-12-02,321.0,323.2,319.0,321.77,3062833,(65536,)
2016-12-05,319.2,324.54,315.82,315.93,4206081,(65536,)
2016-12-06,316.23,326.58,316.23,326.42,3892309,(65536,)
2016-12-07,327.12,328.5,323.97,327.45,2527174,(65536,)
2016-12-08,328.01,340.0,327.0,337.71,5447578,(65536,)
2016-12-09,337.2,339.42,334.02,337.76,3449559,(65536,)
2016-12-12,337.7,340.0,325.7,326.86,5033244,(65536,)
2016-12-13,326.84,335.0,325.5,333.01,4178000,(65536,)
2016-12-14,333.0,334.07,328.5,332.27,3202902,(65536,)
2016-12-15,332.46,332.99,325.58,328.05,3920275,(65536,)
2016-12-16,327.0,329.88,323.58,327.58,2505126,(65536,)
2016-12-19,326.0,334.37,325.61,325.96,3047187,(65536,)
2016-12-20,326.04,327.0,321.81,326.48,3083159,(65536,)
2016-12-21,326.9,329.29,323.56,328.66,2471124,(65536,)
2016-12-22,328.0,328.46,324.88,325.2,1467813,(65536,)
2016-12-23,323.55,324.5,319.13,320.03,3109555,(65536,)
2016-12-26,319.03,324.99,316.2,324.48,2600143,(65536,)
2016-12-27,324.51,328.8,323.5,326.16,2006229,(65536,)
2016-12-28,326.99,328.0,323.33,323.72,1787811,(65536,)
2016-12-29,324.0,327.87,323.0,327.31,2122512,(65536,)
2016-12-30,326.61,335.29,326.61,334.15,3468767,(65536,)
2017-01-03,334.28,337.0,332.81,334.56,2076389,(65536,)
2017-01-04,334.62,352.17,334.6,351.91,6525738,(65536,)
2017-01-05,350.0,351.45,345.44,346.74,4170448,(65536,)
2017-01-06,346.64,359.78,346.1,350.76,6809562,(65536,)
2017-01-09,347.8,352.88,346.54,348.51,3540500,(65536,)
2017-01-10,348.45,352.0,346.6,349.0,3172764,(65536,)
2017-01-11,348.0,348.0,343.5,345.45,2359851,(65536,)
2017-01-12,346.55,347.4,344.51,347.05,1777940,(65536,)
2017-01-13,346.98,347.39,343.88,344.87,1828248,(65536,)
2017-01-16,344.13,344.8,338.8,341.47,3685545,(65536,)
2017-01-17,342.6,351.5,342.0,349.13,3518838,(65536,)
2017-01-18,348.88,356.77,347.21,355.08,4600570,(65536,)
2017-01-19,355.0,358.48,351.7,354.72,2852392,(65536,)
2017-01-20,354.9,357.4,353.03,354.99,2134417,(65536,)
2017-01-23,356.88,359.8,349.46,351.22,3258118,(65536,)
2017-01-24,351.27,352.8,346.75,350.31,2691458,(65536,)
2017-01-25,349.98,349.98,346.2,347.63,2299036,(65536,)
2017-01-26,348.14,348.8,341.3,344.42,3782617,(65536,)
2017-02-03,346.0,349.18,345.0,346.85,2093643,(65536,)
2017-02-06,348.49,348.89,344.96,346.85,1568079,(65536,)
2017-02-07,346.84,347.4,343.14,343.58,2051983,(65536,)
2017-02-08,343.76,345.5,342.67,344.21,1908854,(65536,)
2017-02-09,345.0,348.79,344.61,347.61,2332438,(65536,)
2017-02-10,348.62,349.82,345.0,345.08,2405659,(65536,)
2017-02-13,344.0,351.9,341.92,349.75,5358790,(65536,)
2017-02-14,349.54,352.6,349.1,350.21,2655868,(65536,)
2017-02-15,351.5,352.44,347.2,348.53,2625696,(65536,)
2017-02-16,348.5,348.62,345.51,348.09,1764230,(65536,)
2017-02-17,348.9,354.44,347.5,350.56,2910234,(65536,)
2017-02-20,350.41,362.32,350.01,361.29,6185340,(65536,)
2017-02-21,361.88,362.43,357.18,358.74,2770577,(65536,)
2017-02-22,360.61,366.52,360.0,361.89,3713031,(65536,)
2017-02-23,360.97,365.48,359.76,361.7,2332806,(65536,)
2017-02-24,362.0,362.89,360.05,362.62,1769278,(65536,)
2017-02-27,362.49,362.85,356.8,357.2,2540046,(65536,)
2017-02-28,357.0,359.2,353.58,354.66,2747351,(65536,)
2017-03-01,355.1,358.2,355.0,356.61,2194420,(65536,)
2017-03-02,356.71,357.0,354.53,356.82,2210362,(65536,)
2017-03-03,355.0,358.22,355.0,356.54,1415355,(65536,)
2017-03-06,357.66,359.54,356.55,358.96,2281884,(65536,)
2017-03-07,358.03,368.88,358.03,367.2,4628698,(65536,)
2017-03-08,367.18,368.49,365.5,367.28,1603770,(65536,)
2017-03-09,367.0,369.98,365.56,369.9,2340606,(65536,)
2017-03-10,369.92,377.0,368.36,369.85,4095105,(65536,)
2017-03-13,370.05,374.33,367.53,371.55,2767432,(65536,)
2017-03-14,371.55,373.85,368.34,369.5,2041649,(65536,)
2017-03-15,369.5,375.15,369.01,374.68,2515526,(65536,)
2017-03-16,376.56,378.3,372.8,374.77,2502260,(65536,)
2017-03-17,373.1,384.45,373.1,378.48,3470026,(65536,)
2017-03-20,380.5,386.71,378.88,386.41,3154594,(65536,)
2017-03-21,386.55,396.5,386.5,394.01,4846096,(65536,)
2017-03-22,390.53,394.6,385.0,394.48,4553271,(65536,)
2017-03-23,392.03,393.99,386.6,389.79,3450481,(65536,)
2017-03-24,392.32,393.22,385.0,386.82,3328772,(65536,)
2017-03-27,386.03,389.26,378.39,378.82,5369028,(65536,)
2017-03-28,379.95,381.15,376.66,380.26,4118717,(65536,)
2017-03-29,381.01,385.8,379.9,383.65,3729967,(65536,)
2017-03-30,383.0,386.89,382.6,386.14,3161299,(65536,)
2017-03-31,386.2,388.0,384.18,386.36,2447422,(65536,)
2017-04-05,385.66,394.99,385.0,389.66,4078998,(65536,)
2017-04-06,389.01,393.0,386.63,391.91,2885720,(65536,)
2017-04-07,392.99,394.0,389.6,392.87,2409723,(65536,)
2017-04-10,394.0,394.0,388.0,389.2,2886948,(65536,)
2017-04-11,388.05,390.7,380.6,385.29,4353072,(65536,)
2017-04-12,385.29,391.0,384.8,390.23,2700291,(65536,)
2017-04-13,390.78,398.59,390.51,398.39,4564835,(65536,)
2017-04-14,399.43,399.88,395.0,395.45,2364656,(65536,)
2017-04-17,391.0,398.28,388.55,395.79,2879371,(65536,)
2017-04-18,394.6,406.55,394.6,404.65,4958100,(65536,)
2017-04-19,403.0,409.1,402.86,405.74,3755011,(65536,)
2017-04-20,406.09,420.43,406.09,415.31,5045768,(65536,)
2017-04-21,415.0,415.6,400.0,400.53,4933292,(65536,)
2017-04-24,400.62,405.0,389.0,398.55,5003797,(65536,)
2017-04-25,404.8,420.17,404.8,418.89,7619271,(65536,)
2017-04-26,418.85,428.68,413.01,417.96,5662412,(65536,)
2017-04-27,415.53,421.97,410.43,421.44,2824071,(65536,)
2017-04-28,421.99,423.0,409.9,413.48,4950587,(65536,)
2017-05-02,411.6,415.0,409.18,412.08,2329168,(65536,)
2017-05-03,411.0,417.66,411.0,417.61,2026791,(65536,)
2017-05-04,414.63,418.48,414.63,416.0,2670915,(65536,)
2017-05-05,416.2,422.78,415.1,416.19,3743711,(65536,)
2017-05-08,416.18,417.0,404.72,405.48,4072165,(65536,)
2017-05-09,404.44,409.88,398.0,408.76,5280192,(65536,)
2017-05-10,408.4,414.44,407.02,410.09,2603938,(65536,)
2017-05-11,408.4,414.7,406.51,412.16,3046764,(65536,)
2017-05-12,413.59,415.3,410.01,413.47,2233742,(65536,)
2017-05-15,413.12,420.35,413.12,419.55,3344735,(65536,)
2017-05-16,419.6,431.22,418.26,430.12,5016490,(65536,)
2017-05-17,429.0,430.19,424.88,426.6,2751521,(65536,)
2017-05-18,425.05,430.7,425.01,429.54,2430080,(65536,)
2017-05-19,429.57,441.8,429.57,440.82,3831083,(65536,)
2017-05-22,439.04,446.01,436.2,441.78,3532149,(65536,)
2017-05-23,442.25,454.47,442.25,454.2,4845439,(65536,)
2017-05-24,452.9,456.48,446.0,450.32,4022618,(65536,)
2017-05-25,448.71,452.96,447.5,450.6,2889842,(65536,)
2017-05-26,450.82,455.6,448.0,451.92,2738664,(65536,)
2017-05-31,450.0,450.5,440.11,442.94,4431225,(65536,)
2017-06-01,442.5,449.95,441.01,449.28,4060478,(65536,)
2017-06-02,450.0,450.95,445.6,447.31,2178526,(65536,)
2017-06-05,448.04,449.0,442.35,444.41,1924120,(65536,)
2017-06-06,444.97,449.0,444.2,448.82,2040244,(65536,)
2017-06-07,449.12,460.0,449.12,459.37,3883430,(65536,)
2017-06-08,461.32,464.4,458.5,464.31,2895111,(65536,)
2017-06-09,464.24,470.8,463.0,465.74,3143076,(65536,)
2017-06-12,467.0,475.44,465.0,472.88,3510916,(65536,)
2017-06-13,473.05,474.5,467.0,473.04,2423798,(65536,)
2017-06-14,472.79,477.5,470.48,474.39,3376863,(65536,)
2017-06-15,475.0,475.48,464.0,464.3,5020280,(65536,)
2017-06-16,461.5,467.49,461.26,462.63,3333180,(65536,)
2017-06-19,461.96,470.39,461.96,470.17,3853668,(65536,)
2017-06-20,473.0,474.88,465.66,466.3,3450539,(65536,)
2017-06-21,469.55,473.0,466.03,472.71,4203854,(65536,)
2017-06-22,473.02,477.93,471.2,472.75,3824234,(65536,)
2017-06-23,472.86,474.88,468.33,472.73,3130362,(65536,)
2017-06-26,473.01,485.0,472.0,484.68,5293257,(65536,)
2017-06-27,482.82,485.0,480.85,484.1,2798078,(65536,)
2017-06-28,484.09,484.09,473.0,475.3,3772874,(65536,)
2017-06-29,476.3,477.35,470.0,473.01,3509272,(65536,)
2017-06-30,471.51,474.16,467.8,471.85,2242717,(65536,)
2017-07-03,474.2,474.2,457.9,460.37,4962853,(65536,)
2017-07-04,458.96,460.0,449.0,451.92,5648895,(65536,)
2017-07-05,453.01,460.33,453.01,460.13,3754032,(65536,)
2017-07-06,458.11,460.2,450.6,455.98,4204439,(65536,)
2017-07-07,451.05,451.1,441.2,445.97,3779647,(65536,)
2017-07-10,446.88,454.9,442.97,454.47,3662409,(65536,)
2017-07-11,454.5,464.58,454.0,463.13,4460182,(65536,)
2017-07-12,465.8,465.99,455.0,457.47,2895072,(65536,)
2017-07-13,455.35,461.91,453.68,456.16,2595135,(65536,)
2017-07-14,456.25,458.76,453.05,456.41,1772657,(65536,)
2017-07-17,457.04,458.04,446.28,450.07,3526368,(65536,)
2017-07-18,451.99,453.99,448.0,452.55,3068449,(65536,)
2017-07-19,454.0,463.62,452.8,456.86,5625994,(65536,)
2017-07-20,455.86,466.89,455.86,466.47,4663487,(65536,)
2017-07-21,466.96,475.01,463.66,473.2,4679241,(65536,)
2017-07-24,474.88,485.35,474.88,477.8,4271643,(65536,)
2017-07-25,482.2,482.8,476.1,477.96,2192999,(65536,)
2017-07-26,478.05,481.63,466.56,471.63,3147018,(65536,)
2017-07-27,471.63,475.85,471.1,473.87,1959503,(65536,)
2017-07-28,471.0,484.07,467.71,483.92,4661877,(65536,)
2017-07-31,484.0,487.96,481.0,481.22,3841218,(65536,)
2017-08-01,481.0,483.0,477.4,480.24,2750154,(65536,)
2017-08-02,480.04,484.88,478.51,482.84,2677422,(65536,)
2017-08-03,483.68,486.85,475.63,477.22,3176839,(65536,)
2017-08-04,477.0,478.98,472.6,473.64,1868114,(65536,)
2017-08-07,472.5,482.4,471.13,481.56,2309937,(65536,)
2017-08-08,482.0,484.22,479.5,482.58,1605158,(65536,)
2017-08-09,484.84,492.98,482.03,490.85,4179447,(65536,)
2017-08-10,491.09,499.6,489.0,491.63,3536438,(65536,)
2017-08-11,489.0,496.55,483.48,484.06,3657257,(65536,)
2017-08-14,485.21,500.1,485.21,499.83,3933147,(65536,)
2017-08-15,500.11,501.1,495.01,495.97,2716322,(65536,)
2017-08-16,498.0,498.8,493.0,496.49,1858722,(65536,)
2017-08-17,497.6,497.6,489.8,492.69,2584673,(65536,)
2017-08-18,492.8,494.44,488.0,489.65,2385775,(65536,)
2017-08-21,488.0,494.4,486.94,489.73,2354662,(65536,)
2017-08-22,487.4,489.48,476.0,487.22,4245703,(65536,)
2017-08-23,485.45,494.63,484.32,494.01,2721499,(65536,)
2017-08-24,493.99,496.4,492.02,492.81,1815678,(65536,)
2017-08-25,493.45,494.25,489.32,492.99,1729788,(65536,)
2017-08-28,493.0,497.29,491.03,492.04,2902107,(65536,)
2017-08-29,493.02,494.88,488.01,489.44,2517662,(65536,)
2017-08-30,489.7,493.75,489.16,492.97,1850364,(65536,)
2017-08-31,494.04,494.88,489.8,491.15,1873686,(65536,)
2017-09-01,490.2,496.28,490.03,495.18,3145100,(65536,)
2017-09-04,495.18,496.66,491.27,492.42,1893162,(65536,)
2017-09-05,492.88,493.99,489.5,489.99,2262215,(65536,)
2017-09-06,490.0,492.77,484.84,484.98,3300650,(65536,)
2017-09-07,485.31,486.9,480.06,481.27,3332016,(65536,)
2017-09-08,478.25,480.5,474.0,474.37,4117327,(65536,)
2017-09-11,471.09,482.22,469.98,478.32,4537440,(65536,)
2017-09-12,479.5,486.0,478.4,484.91,3434163,(65536,)
2017-09-13,485.0,492.2,481.38,491.63,3307570,(65536,)
2017-09-14,492.99,494.03,488.99,490.71,1939949,(65536,)
2017-09-15,492.5,492.5,488.0,489.84,1603946,(65536,)
2017-09-18,490.14,500.5,490.14,498.97,4220681,(65536,)
2017-09-19,500.3,502.5,496.01,496.95,2305481,(65536,)
2017-09-20,496.9,500.02,496.0,496.2,1731816,(65536,)
2017-09-21,495.94,500.58,492.88,498.77,1940268,(65536,)
2017-09-22,496.9,500.18,495.8,499.93,1634353,(65536,)
2017-09-25,500.31,508.2,500.3,507.24,3269756,(65536,)
2017-09-26,506.69,510.0,503.6,509.29,2547049,(65536,)
2017-09-27,508.92,511.03,506.07,508.21,1667111,(65536,)
2017-09-28,507.2,520.2,507.15,518.46,2596985,(65536,)
2017-09-29,516.0,525.88,515.5,517.64,2243622,(65536,)
2017-10-09,524.54,535.55,520.1,527.77,3489129,(65536,)
2017-10-10,527.05,540.49,527.01,540.06,3100644,(65536,)
2017-10-11,538.1,551.25,538.1,545.54,3340643,(65536,)
2017-10-12,545.0,547.5,540.18,544.09,1964622,(65536,)
2017-10-13,545.0,556.6,542.01,556.15,2785842,(65536,)
2017-10-16,559.99,566.66,555.87,560.69,2990901,(65536,)
2017-10-17,560.97,560.97,554.0,556.73,2097712,(65536,)
2017-10-18,554.2,562.59,554.2,560.72,1917865,(65536,)
2017-10-19,561.0,585.15,560.72,582.6,4065882,(65536,)
2017-10-20,581.0,581.0,571.76,574.33,3153433,(65536,)
2017-10-23,574.92,580.5,568.0,573.41,2377182,(65536,)
2017-10-24,572.0,573.8,563.61,567.33,3127428,(65536,)
2017-10-25,569.75,571.68,562.06,565.67,2507600,(65536,)
2017-10-26,605.0,613.0,591.91,605.09,11543497,(65536,)
2017-10-27,602.11,655.0,600.03,649.63,8438379,(65536,)
2017-10-30,643.05,644.0,621.0,622.08,8100786,(65536,)
2017-10-31,622.01,627.6,611.88,618.03,5187568,(65536,)
2017-11-01,620.88,631.54,619.22,623.01,4343525,(65536,)
2017-11-02,626.95,629.78,621.0,626.92,3424973,(65536,)
2017-11-03,628.65,643.44,628.65,639.17,4818897,(65536,)
2017-11-06,641.5,657.62,640.2,653.06,4851398,(65536,)
2017-11-07,650.58,657.15,638.18,642.07,5556485,(65536,)
2017-11-08,642.33,654.5,642.33,650.38,4395194,(65536,)
2017-11-09,648.0,654.15,644.61,650.07,3364113,(65536,)
2017-11-10,650.43,683.4,650.43,677.95,7407860,(65536,)
2017-11-13,680.0,692.78,675.8,687.88,4986984,(65536,)
2017-11-14,687.14,687.22,677.35,678.75,4636671,(65536,)
2017-11-15,678.75,689.99,674.0,688.08,4503633,(65536,)
2017-11-16,686.01,719.96,686.01,719.11,6071632,(65536,)
2017-11-17,696.0,709.0,677.77,690.25,12386124,(65536,)
2017-11-20,676.8,685.6,660.0,679.15,8830582,(65536,)
2017-11-21,669.0,688.8,662.02,677.25,9601651,(65536,)
2017-11-22,677.0,688.0,650.0,650.52,12849826,(65536,)
2017-11-23,642.0,646.0,630.22,633.73,10959913,(65536,)
2017-11-24,635.9,642.5,622.23,630.04,7654194,(65536,)
2017-11-27,634.0,636.33,613.01,621.29,6354846,(65536,)
2017-11-28,625.06,648.88,624.0,648.23,7029183,(65536,)
2017-11-29,649.94,651.97,634.01,638.12,4676372,(65536,)
2017-11-30,635.51,648.48,626.0,631.0,3801962,(65536,)
2017-12-01,638.01,638.99,620.13,622.35,4719274,(65536,)
2017-12-04,623.95,644.1,616.72,637.79,5426771,(65536,)
2017-12-05,634.0,647.4,630.13,632.96,4746576,(65536,)
2017-12-06,631.5,644.1,620.0,625.01,5817409,(65536,)
2017-12-07,624.95,624.99,615.26,616.69,5103262,(65536,)
2017-12-08,615.42,628.85,615.42,627.28,4550339,(65536,)
2017-12-11,631.0,651.95,631.0,650.99,7284917,(65536,)
2017-12-12,658.7,658.77,651.02,651.32,4788931,(65536,)
2017-12-13,654.99,670.0,650.72,668.21,4850248,(65536,)
2017-12-14,669.98,671.3,660.5,664.55,3196794,(65536,)
2017-12-15,664.0,667.95,650.78,653.79,3225595,(65536,)
2017-12-18,660.0,669.8,658.58,665.77,3916228,(65536,)
2017-12-19,663.0,672.44,661.0,667.09,4407221,(65536,)
2017-12-20,669.9,686.86,664.03,684.91,6360131,(65536,)
2017-12-21,683.0,687.42,675.5,681.74,4668038,(65536,)
2017-12-22,680.0,685.9,677.01,682.92,2831701,(65536,)
2017-12-25,686.0,696.3,683.72,688.12,3621428,(65536,)
2017-12-26,688.18,692.99,676.5,680.81,3186766,(65536,)
2017-12-27,684.86,684.86,662.5,664.18,3772205,(65536,)
2017-12-28,687.0,719.9,671.32,718.69,12414107,(65536,)
2017-12-29,718.0,726.5,691.6,697.49,7603887,(65536,)
2018-01-02,700.0,710.16,689.89,703.85,4961248,(65536,)
2018-01-03,701.5,721.4,699.74,715.86,5201941,(65536,)
2018-01-04,721.4,743.5,719.33,737.07,7220508,(65536,)
2018-01-05,741.0,746.03,728.22,738.36,3998907,(65536,)
2018-01-08,735.02,756.5,735.02,752.13,5220456,(65536,)
2018-01-09,752.21,783.0,752.21,782.52,6459195,(65536,)
2018-01-10,785.0,788.88,773.48,785.71,4771424,(65536,)
2018-01-11,787.0,788.0,772.0,774.81,5065607,(65536,)
2018-01-12,773.77,788.8,767.02,788.42,4598824,(65536,)
2018-01-15,793.46,799.06,779.02,785.37,5247313,(65536,)
2018-01-16,780.48,788.61,768.0,772.94,6542833,(65536,)
2018-01-17,770.0,774.0,738.51,747.93,9070954,(65536,)
2018-01-18,747.93,765.0,744.09,750.74,5897851,(65536,)
2018-01-19,752.9,758.9,739.02,750.18,5092556,(65536,)
2018-01-22,751.81,774.0,751.81,773.64,6712675,(65536,)
2018-01-23,777.81,780.0,768.6,773.78,4954918,(65536,)
2018-01-24,776.44,776.46,758.6,764.46,4329881,(65536,)
2018-01-25,761.0,776.0,751.0,769.16,5004072,(65536,)
2018-01-26,767.24,777.4,764.0,777.22,4397833,(65536,)
2018-01-29,778.76,779.67,735.0,736.32,7453551,(65536,)
2018-01-30,736.0,748.77,730.02,742.08,5191103,(65536,)
2018-01-31,739.0,771.71,739.0,764.54,6040241,(65536,)
2018-02-01,767.0,767.3,752.92,757.73,5058261,(65536,)
2018-02-02,752.22,753.23,725.0,740.4,7542082,(65536,)
2018-02-05,727.22,729.96,705.6,718.23,9899585,(65536,)
2018-02-06,703.0,722.6,703.0,708.86,8816871,(65536,)
2018-02-07,720.0,723.88,682.01,683.43,8828998,(65536,)
2018-02-08,682.2,718.0,682.2,700.99,8340943,(65536,)
2018-02-09,680.0,689.89,658.0,683.43,10557826,(65536,)
2018-02-12,691.0,705.5,685.2,697.48,6417955,(65536,)
2018-02-13,705.02,714.82,704.5,711.98,5338918,(65536,)
2018-02-14,720.0,720.0,712.22,718.45,3065260,(65536,)
2018-02-22,727.3,744.0,723.24,742.45,5076469,(65536,)
2018-02-23,747.0,756.56,737.0,742.48,3815877,(65536,)
2018-02-26,746.88,752.05,733.02,743.51,4365824,(65536,)
2018-02-27,749.0,756.0,737.22,737.98,4260154,(65536,)
2018-02-28,732.0,742.3,719.0,725.62,4833067,(65536,)
2018-03-01,728.0,746.85,723.77,741.97,4479465,(65536,)
2018-03-02,738.0,743.56,730.0,736.41,2599190,(65536,)
2018-03-05,738.18,742.0,717.03,720.11,3723470,(65536,)
2018-03-06,725.0,727.6,697.13,718.26,6457036,(65536,)
2018-03-07,715.0,724.0,708.99,710.04,3459594,(65536,)
2018-03-08,714.0,724.0,708.0,722.76,3534930,(65536,)
2018-03-09,727.55,732.57,723.5,728.2,3017100,(65536,)
2018-03-12,729.55,733.92,722.77,723.95,3988841,(65536,)
2018-03-13,723.0,726.6,710.0,710.35,3857709,(65536,)
2018-03-14,709.67,728.08,707.22,726.88,3735576,(65536,)
2018-03-15,728.02,747.0,728.02,746.47,5614879,(65536,)
2018-03-16,747.6,753.98,738.88,739.85,3585552,(65536,)
2018-03-19,743.97,753.99,739.0,753.48,3866658,(65536,)
2018-03-20,750.0,752.0,740.0,747.73,2887720,(65536,)
2018-03-21,750.11,753.11,740.0,742.0,2674271,(65536,)
2018-03-22,744.0,748.0,724.01,726.08,3748697,(65536,)
2018-03-23,701.0,723.49,700.08,711.06,5254677,(65536,)
2018-03-26,708.0,715.06,701.88,713.49,4625611,(65536,)
2018-03-27,723.0,725.88,704.0,714.74,4754844,(65536,)
2018-03-28,699.97,703.0,669.0,682.05,11353972,(65536,)
2018-03-29,682.2,697.85,658.41,689.1,7908196,(65536,)
2018-03-30,686.0,693.5,679.88,683.62,3654028,(65536,)
2018-04-02,680.0,691.0,674.11,680.06,3203908,(65536,)
2018-04-03,678.0,687.0,675.39,677.91,4023558,(65536,)
2018-04-04,682.0,700.43,680.38,694.01,5689131,(65536,)
2018-04-09,697.1,705.43,690.15,698.3,3083305,(65536,)
2018-04-10,704.8,708.5,698.46,708.02,3204325,(65536,)
2018-04-11,710.0,714.78,703.02,705.36,2572318,(65536,)
2018-04-12,704.0,706.88,692.22,694.2,3071361,(65536,)
2018-04-13,698.5,701.0,685.08,686.86,2754952,(65536,)
2018-04-16,680.58,686.85,677.0,681.38,3293967,(65536,)
2018-04-17,685.0,685.38,665.6,666.2,3517276,(65536,)
2018-04-18,671.0,671.0,645.0,655.64,6261660,(65536,)
2018-04-19,659.85,680.0,656.66,679.96,4420757,(65536,)
2018-04-20,681.0,694.0,668.23,670.26,4151168,(65536,)
2018-04-23,666.01,680.33,666.01,674.01,3265920,(65536,)
2018-04-24,676.0,693.5,675.0,689.88,4728256,(65536,)
2018-04-25,689.0,692.0,683.02,690.97,2525222,(65536,)
2018-04-26,692.0,692.28,673.0,678.23,3504790,(65536,)
2018-04-27,685.25,688.36,655.0,662.53,5791521,(65536,)
2018-05-02,660.0,668.99,645.06,667.83,7025911,(65536,)
2018-05-03,666.0,673.68,658.0,670.88,3632653,(65536,)
2018-05-04,670.98,674.83,660.57,662.87,3737584,(65536,)
2018-05-07,659.95,701.88,657.77,698.17,8559143,(65536,)
2018-05-08,698.03,712.13,698.03,708.83,6249783,(65536,)
2018-05-09,709.08,712.3,697.12,701.95,3233106,(65536,)
2018-05-10,703.5,716.0,703.5,714.19,3929380,(65536,)
2018-05-11,718.69,730.5,715.7,718.02,3914165,(65536,)
2018-05-14,724.0,743.0,724.0,742.41,5101471,(65536,)
2018-05-15,746.0,746.44,734.0,743.06,3805580,(65536,)
2018-05-16,740.0,745.66,733.28,734.52,3079520,(65536,)
2018-05-17,735.12,737.5,724.0,727.38,2851793,(65536,)
2018-05-18,723.99,741.0,721.19,739.32,2925517,(65536,)
2018-05-21,744.0,747.3,732.48,734.82,2905958,(65536,)
2018-05-22,735.22,739.84,730.02,739.57,1699896,(65536,)
2018-05-23,740.0,740.0,723.58,723.78,2826871,(65536,)
2018-05-24,720.0,728.66,713.0,715.4,3041634,(65536,)
2018-05-25,712.0,727.0,712.0,716.86,2651146,(65536,)
2018-05-28,718.0,740.66,715.12,740.4,4280523,(65536,)
2018-05-29,738.8,750.0,731.28,731.43,4082027,(65536,)
2018-05-30,727.22,737.3,720.05,725.87,3714710,(65536,)
2018-05-31,730.25,751.62,730.24,751.13,7185287,(65536,)
2018-06-01,751.13,754.98,738.76,745.11,3617763,(65536,)
2018-06-04,752.35,782.9,745.88,781.97,7380597,(65536,)
2018-06-05,786.5,794.7,777.23,788.05,5262967,(65536,)
2018-06-06,788.0,800.95,782.3,785.75,4896948,(65536,)
2018-06-07,789.98,795.55,778.9,780.97,3916778,(65536,)
2018-06-08,780.0,785.9,770.0,777.95,3495846,(65536,)
2018-06-11,776.05,786.0,768.33,775.73,3654755,(65536,)
2018-06-12,778.0,803.5,776.5,799.19,5528708,(65536,)
2018-06-13,800.0,802.62,788.88,790.33,3524437,(65536,)
2018-06-14,790.0,793.8,775.18,786.13,3615961,(65536,)
2018-06-15,773.2,778.58,769.1,773.33,3170773,(65536,)
2018-06-19,769.0,769.0,737.0,738.0,6019587,(65536,)
2018-06-20,741.0,765.0,741.0,763.59,4583802,(65536,)
2018-06-21,765.22,778.89,758.77,759.32,3918255,(65536,)
2018-06-22,754.0,767.0,750.0,766.53,2885481,(65536,)
2018-06-25,766.0,778.97,764.9,765.56,3293416,(65536,)
2018-06-26,765.31,769.88,747.0,754.8,4657798,(65536,)
2018-06-27,752.0,757.0,721.0,722.44,5729801,(65536,)
2018-06-28,714.0,719.0,697.0,710.93,5083394,(65536,)
2018-06-29,712.3,732.3,705.0,731.46,3292927,(65536,)
2018-07-02,734.52,739.33,703.0,711.55,3755811,(65536,)
2018-07-03,709.76,715.78,678.23,694.92,8283710,(65536,)
2018-07-04,692.0,700.0,688.0,690.91,3799075,(65536,)
2018-07-05,700.0,716.2,700.0,702.39,4712380,(65536,)
2018-07-06,707.0,720.93,699.26,714.12,4415661,(65536,)
2018-07-09,720.03,729.86,719.73,727.24,4057266,(65536,)
2018-07-10,729.0,731.5,713.33,725.76,2901047,(65536,)
2018-07-11,710.0,724.0,702.22,719.58,2427845,(65536,)
2018-07-12,718.0,741.17,718.0,737.54,4017004,(65536,)
2018-07-13,742.3,748.1,735.12,746.99,2890704,(65536,)
2018-07-16,752.3,764.11,751.03,754.68,3247487,(65536,)
2018-07-17,757.0,757.0,736.02,742.43,2780603,(65536,)
2018-07-18,742.43,749.69,735.0,737.44,2452171,(65536,)
2018-07-19,739.0,743.95,735.02,740.95,1807850,(65536,)
2018-07-20,741.5,743.13,728.0,741.13,3054850,(65536,)
2018-07-23,736.0,741.15,720.01,732.07,3596989,(65536,)
2018-07-24,732.68,747.3,723.0,745.4,4180860,(65536,)
2018-07-25,746.95,749.88,740.01,743.81,2174388,(65536,)
2018-07-26,748.9,748.9,734.23,735.62,2306726,(65536,)
2018-07-27,736.0,744.3,730.0,738.56,2091360,(65536,)
2018-07-30,738.9,740.66,715.0,719.21,4217166,(65536,)
2018-07-31,720.3,727.88,719.21,726.44,2068346,(65536,)
2018-08-01,731.4,732.3,714.11,714.94,2523788,(65536,)
2018-08-02,715.97,715.97,687.88,695.84,5500143,(65536,)
2018-08-03,695.0,695.0,676.2,678.99,4733699,(65536,)
2018-08-06,677.0,684.0,662.25,669.68,4524812,(65536,)
2018-08-07,672.3,687.83,662.02,686.28,3908559,(65536,)
2018-08-08,687.02,689.0,671.87,676.22,2968544,(65536,)
2018-08-09,671.0,694.5,670.12,691.88,3448575,(65536,)
2018-08-10,691.88,694.77,684.2,687.18,2381767,(65536,)
2018-08-13,683.0,683.0,666.68,679.22,3457041,(65536,)
2018-08-14,679.22,684.5,673.51,680.13,2169683,(65536,)
2018-08-15,679.8,680.0,661.0,662.8,3499709,(65536,)
2018-08-16,652.0,668.5,640.0,648.44,5993985,(65536,)
2018-08-17,657.5,657.5,630.01,634.86,4657457,(65536,)
2018-08-20,632.45,645.55,616.86,644.79,4885234,(65536,)
2018-08-21,647.0,672.3,647.0,671.49,5224902,(65536,)
2018-08-22,671.0,673.2,663.0,667.7,2067551,(65536,)
2018-08-23,671.7,678.5,665.18,670.21,2735727,(65536,)
2018-08-24,669.0,669.0,656.46,660.3,2609026,(65536,)
2018-08-27,662.0,687.3,662.0,687.3,4801692,(65536,)
2018-08-28,693.0,693.78,678.55,681.0,3248890,(65536,)
2018-08-29,682.0,688.88,679.1,685.85,2740403,(65536,)
2018-08-30,688.21,692.6,679.01,680.4,3378833,(65536,)
2018-08-31,676.25,677.0,656.5,659.19,5898093,(65536,)
2018-09-03,652.0,667.67,650.8,666.21,3017984,(65536,)
2018-09-04,666.8,676.0,661.6,675.04,2154048,(65536,)
2018-09-05,675.0,676.99,657.0,657.79,2898342,(65536,)
2018-09-06,652.0,659.26,640.0,644.0,4237058,(65536,)
2018-09-07,645.5,658.03,645.14,650.97,2924006,(65536,)
2018-09-10,652.2,653.81,640.7,644.8,2120220,(65536,)
2018-09-11,645.57,650.97,640.63,646.0,1949687,(65536,)
2018-09-12,643.0,644.87,628.01,630.0,4115737,(65536,)
2018-09-13,638.0,642.0,620.0,631.98,4771316,(65536,)
2018-09-14,633.98,649.78,628.53,642.9,4090019,(65536,)
2018-09-17,645.0,652.96,641.06,645.81,2911295,(65536,)
2018-09-18,643.0,668.0,642.22,666.7,3785868,(65536,)
2018-09-19,666.58,686.0,666.0,681.42,4822184,(65536,)
2018-09-20,685.2,686.9,677.36,678.55,2751948,(65536,)
2018-09-21,682.0,700.01,680.01,700.01,4261720,(65536,)
2018-09-25,695.0,705.77,693.26,697.02,3063991,(65536,)
2018-09-26,702.1,732.68,701.99,724.93,7228777,(65536,)
2018-09-27,727.5,728.0,715.4,724.0,4050853,(65536,)
2018-09-28,726.7,733.2,718.88,730.0,3508980,(65536,)
2018-10-08,715.41,719.0,686.15,686.15,8274502,(65536,)
2018-10-09,686.9,698.71,685.9,695.0,4022283,(65536,)
2018-10-10,697.26,698.0,669.69,670.92,6309820,(65536,)
2018-10-11,635.01,668.94,635.01,644.99,9158196,(65536,)
2018-10-12,651.0,672.68,650.58,668.0,5447256,(65536,)
2018-10-15,669.49,671.95,660.03,666.9,3560730,(65536,)
2018-10-16,665.98,679.53,662.01,667.14,2639360,(65536,)
2018-10-17,675.0,677.3,649.9,665.72,4307707,(65536,)
2018-10-18,660.0,660.0,644.97,645.94,5215607,(65536,)
2018-10-19,638.0,675.0,635.08,670.0,7619938,(65536,)
2018-10-22,675.0,702.02,675.0,693.0,7310857,(65536,)
2018-10-23,689.0,689.0,635.0,641.74,12311273,(65536,)
2018-10-24,628.11,650.0,620.0,636.99,7611282,(65536,)
2018-10-25,620.0,622.5,608.58,619.0,7556838,(65536,)
2018-10-26,619.0,625.0,607.98,610.1,5532738,(65536,)
2018-10-29,549.09,549.09,549.09,549.09,4907600,(65536,)
2018-10-30,510.0,543.0,509.02,524.0,20439667,(65536,)
2018-10-31,527.0,555.0,522.0,548.9,9688482,(65536,)
2018-11-01,555.0,585.5,551.25,563.0,9810672,(65536,)
2018-11-02,585.0,600.0,572.24,599.9,8915696,(65536,)
2018-11-05,593.0,593.0,571.77,575.8,7551708,(65536,)
2018-11-06,574.0,574.16,558.01,566.0,4556614,(65536,)
2018-11-07,569.0,574.95,562.01,566.4,3810778,(65536,)
2018-11-08,574.0,577.0,568.0,570.34,3376374,(65536,)
2018-11-09,567.22,569.0,562.0,562.0,2433682,(65536,)
2018-11-12,553.0,554.2,536.8,552.0,6782422,(65536,)
2018-11-13,546.12,570.0,543.0,570.0,6642905,(65536,)
2018-11-14,569.96,569.96,552.55,555.1,4176683,(65536,)
2018-11-15,558.8,564.8,555.5,559.7,3083340,(65536,)
2018-11-16,561.0,566.0,558.03,560.0,2893879,(65536,)
2018-11-19,560.3,572.0,559.11,569.02,3617925,(65536,)
2018-11-20,565.0,568.0,560.0,561.6,2694326,(65536,)
2018-11-21,554.0,568.9,553.68,564.7,2710730,(65536,)
2018-11-22,565.15,567.33,558.0,564.5,2121333,(65536,)
2018-11-23,564.0,567.3,556.9,556.9,2012621,(65536,)
2018-11-26,558.0,560.2,552.0,552.11,1912019,(65536,)
2018-11-27,552.0,554.99,546.5,548.1,2023382,(65536,)
2018-11-28,550.85,559.19,545.5,557.0,2773793,(65536,)
2018-11-29,566.03,569.8,549.01,551.6,4506945,(65536,)
2018-11-30,557.0,568.89,553.0,565.0,4901046,(65536,)
2018-12-03,589.0,605.0,584.77,601.2,8341468,(65536,)
2018-12-04,602.99,604.26,595.0,602.23,3147388,(65536,)
2018-12-05,597.5,616.5,595.0,610.1,4158819,(65536,)
2018-12-06,600.0,605.98,590.36,591.8,3775807,(65536,)
2018-12-07,595.6,598.86,584.7,587.0,2684167,(65536,)
2018-12-10,576.0,587.5,574.18,577.23,2464068,(65536,)
2018-12-11,577.0,586.55,577.0,582.99,1631660,(65536,)
2018-12-12,588.79,589.2,582.8,589.0,1992154,(65536,)
2018-12-13,590.0,606.88,589.6,601.75,4039941,(65536,)
2018-12-14,598.01,599.8,592.0,592.96,2455448,(65536,)
2018-12-17,592.57,595.97,585.01,590.52,2489585,(65536,)
2018-12-18,585.88,591.54,585.0,590.94,1922218,(65536,)
2018-12-19,589.0,590.99,576.03,577.8,2571596,(65536,)
2018-12-20,576.22,581.5,568.89,574.5,2694098,(65536,)
2018-12-21,571.0,573.45,562.21,567.41,3064043,(65536,)
2018-12-24,563.5,570.91,558.0,568.0,1910986,(65536,)
2018-12-25,562.22,567.5,553.61,565.79,2659286,(65536,)
2018-12-26,563.81,568.4,558.0,560.08,1786620,(65536,)
2018-12-27,570.0,571.85,562.22,563.0,2949357,(65536,)
2018-12-28,563.3,596.4,560.0,590.01,6367837,(65536,)
2019-01-02,609.98,612.0,595.01,598.98,6228649,(65536,)
2019-01-03,599.97,601.66,585.8,590.0,3097735,(65536,)
2019-01-04,587.28,607.67,582.02,602.0,3768347,(65536,)
2019-01-07,608.0,612.0,602.22,605.49,3475013,(65536,)
2019-01-08,605.5,612.0,600.28,604.79,2883813,(65536,)
2019-01-09,609.99,626.16,609.04,616.12,4989227,(65536,)
2019-01-10,617.13,624.88,610.25,618.77,2904390,(65536,)
2019-01-11,625.0,637.0,618.75,635.88,3888421,(65536,)
2019-01-14,633.0,635.89,621.55,624.6,2564890,(65536,)
2019-01-15,627.86,661.5,625.0,659.98,5576485,(65536,)
2019-01-16,658.0,665.65,653.6,661.1,4208364,(65536,)
2019-01-17,663.0,669.7,655.8,659.25,3028476,(65536,)
2019-01-18,665.0,690.2,661.5,683.61,6860918,(65536,)
2019-01-21,690.0,698.88,681.88,686.98,4705193,(65536,)
2019-01-22,686.0,686.0,665.22,671.0,4212221,(65536,)
2019-01-23,667.22,674.5,663.13,665.66,3362481,(65536,)
2019-01-24,670.3,677.83,664.68,672.5,2915527,(65536,)
2019-01-25,675.88,684.9,669.93,679.7,2898635,(65536,)
2019-01-28,684.0,693.98,676.03,677.0,3610287,(65536,)
2019-01-29,677.5,688.0,668.0,685.0,3034259,(65536,)
2019-01-30,684.99,686.22,676.0,676.0,2269996,(65536,)
2019-01-31,680.0,689.6,677.56,689.6,3669657,(65536,)
2019-02-01,697.04,699.0,689.61,692.67,3052062,(65536,)
2019-02-11,695.0,729.5,688.18,725.3,5814075,(65536,)
2019-02-12,723.0,725.49,715.2,717.92,3509143,(65536,)
2019-02-13,723.0,736.16,717.22,735.25,3567706,(65536,)
2019-02-14,731.2,743.66,730.14,737.16,3225813,(65536,)
2019-02-15,734.88,734.88,723.02,724.78,2323798,(65536,)
2019-02-18,731.0,744.95,731.0,740.0,3774589,(65536,)
2019-02-19,740.96,742.5,726.66,730.76,2950150,(65536,)
2019-02-20,735.0,735.0,716.06,722.0,3788237,(65536,)
2019-02-21,720.0,730.48,717.0,720.25,2985040,(65536,)
2019-02-22,717.0,728.49,714.1,726.01,2590877,(65536,)
2019-02-25,730.75,744.44,717.99,742.33,8262259,(65536,)
2019-02-26,747.8,749.18,726.0,727.35,5796466,(65536,)
2019-02-27,733.0,758.02,731.0,740.7,6594227,(65536,)
2019-02-28,737.9,763.42,736.95,755.01,5698625,(65536,)
2019-03-01,761.5,790.0,761.0,789.3,6384023,(65536,)
2019-03-04,795.0,798.33,777.22,781.86,8458596,(65536,)
2019-03-05,785.0,789.55,775.88,779.78,4483056,(65536,)
2019-03-06,775.0,779.5,765.88,768.0,4673137,(65536,)
2019-03-07,762.22,762.22,745.56,748.6,6018053,(65536,)
2019-03-08,737.9,746.83,733.65,737.5,5227525,(65536,)
2019-03-11,740.04,766.95,740.04,758.54,5305724,(65536,)
2019-03-12,763.82,763.83,739.0,745.01,5251001,(65536,)
2019-03-13,745.5,760.75,745.5,754.0,4056136,(65536,)
2019-03-14,757.0,785.0,754.0,778.0,6217256,(65536,)
2019-03-15,776.0,787.5,764.85,777.3,5240071,(65536,)
2019-03-18,778.8,814.53,777.0,810.09,8131880,(65536,)
2019-03-19,803.0,807.92,792.3,792.61,4063493,(65536,)
2019-03-20,790.0,802.3,785.0,792.8,3111752,(65536,)
2019-03-21,788.0,792.8,781.5,785.75,3257328,(65536,)
2019-03-22,788.22,799.98,785.0,794.0,3051750,(65536,)
2019-03-25,786.0,788.0,773.3,775.6,3727046,(65536,)
2019-03-26,780.0,785.94,764.1,773.0,3759569,(65536,)
2019-03-27,781.0,793.88,775.0,788.5,4280739,(65536,)
2019-03-28,793.43,814.48,785.68,806.8,5756676,(65536,)
2019-03-29,835.0,866.68,830.17,853.99,9093396,(65536,)
2019-04-01,860.0,868.95,851.0,859.0,6093461,(65536,)
2019-04-02,859.99,859.99,836.06,850.0,5322705,(65536,)
2019-04-03,840.12,851.74,834.21,844.5,4305680,(65536,)
2019-04-04,840.0,865.8,836.2,865.0,5577236,(65536,)
