2014-09-02,2239.68,2267.51,2234.38,2266.05,192124869,(3343282,)
2014-09-03,2268.4,2290.55,2268.1,2288.63,212478998,(17040052,)
2014-09-04,2290.03,2307.7,2283.28,2306.86,199489978,(13632228,)
2014-09-05,2311.3,2327.56,2307.45,2326.43,213181917,(21168755,)
2014-09-09,2328.43,2331.92,2315.89,2326.53,196990318,(26477104,)
2014-09-10,2318.5,2321.91,2306.42,2318.3,189828991,(30999015,)
2014-09-11,2315.73,2343.6,2304.6,2311.68,222221798,(37486969,)
2014-09-12,2308.35,2331.95,2302.77,2331.95,193471540,(9110337,)
2014-09-15,2330.19,2340.45,2321.59,2339.14,215112414,(18416314,)
2014-09-16,2341.03,2347.94,2293.87,2296.55,302694111,(58916959,)
2014-09-17,2298.98,2309.05,2282.79,2307.89,210842453,(16843464,)
2014-09-18,2303.85,2319.88,2297.93,2315.93,189089045,(21889656,)
2014-09-19,2312.98,2331.56,2305.52,2329.45,174648487,(15532741,)
2014-09-22,2323.55,2323.55,2284.38,2289.87,175842354,(51904708,)
2014-09-23,2289.09,2311.52,2289.02,2309.72,156855169,(7340879,)
2014-09-24,2302.23,2345.75,2297.88,2343.57,222525725,(6685554,)
2014-09-25,2352.87,2365.15,2336.8,2345.1,225688323,(39453041,)
2014-09-26,2339.29,2350.11,2329.96,2347.72,174748285,(26149414,)
2014-09-29,2353.71,2363.06,2346.58,2357.71,200111021,(14418663,)
2014-09-30,2361.32,2365.49,2354.27,2363.87,193918690,(23986768,)
2014-10-08,2368.58,2382.79,2354.29,2382.79,204397326,(13501179,)
2014-10-09,2383.86,2391.35,2367.11,2389.37,235920010,(35324336,)
2014-10-10,2380.75,2386.28,2365.07,2374.54,224671126,(46596368,)
2014-10-13,2366.43,2366.86,2341.12,2366.01,200899314,(36962726,)
2014-10-14,2362.8,2380.51,2349.19,2359.48,196831418,(41419096,)
2014-10-15,2358.23,2374.81,2344.37,2373.67,202804915,(22217345,)
2014-10-16,2361.13,2389.68,2353.41,2356.5,248201168,(51904709,)
2014-10-17,2352.78,2360.6,2312.83,2341.18,212300962,(48890108,)
2014-10-20,2346.05,2357.51,2340.46,2356.73,160022305,(11666216,)
2014-10-21,2355.03,2361.65,2337.55,2339.66,168828288,(49676520,)
2014-10-22,2339.22,2352.12,2324.59,2326.55,152698425,(50528469,)
2014-10-23,2322.32,2329.93,2297.33,2302.42,162636308,(54198441,)
2014-10-24,2303.08,2314.88,2296.66,2302.28,132225281,(26673702,)
2014-10-27,2293.57,2293.64,2279.84,2290.44,130261568,(22610556,)
2014-10-28,2294.01,2338.28,2294.01,2337.87,178590357,(1508316,)
2014-10-29,2343.72,2381.64,2339.71,2373.03,265588687,(5702531,)
2014-10-30,2371.89,2397.26,2365.92,2391.08,294645943,(30278145,)
2014-10-31,2393.18,2423.6,2384.48,2420.18,325763522,(30147072,)
2014-11-03,2425.23,2436.78,2418.17,2430.03,298821235,(17564362,)
2014-11-04,2428.27,2435.22,2417.22,2430.68,309013039,(39715194,)
2014-11-05,2432.17,2434.36,2415.5,2419.25,263606654,(38011258,)
2014-11-06,2419.62,2426.89,2401.75,2425.86,222005088,(25428553,)
2014-11-07,2427.9,2454.42,2407.44,2418.17,291172245,(47382799,)
2014-11-10,2436.63,2474.16,2428.19,2473.67,300628203,(10748725,)
2014-11-11,2483.65,2508.62,2445.96,2469.67,411904065,(54788264,)
2014-11-12,2454.6,2494.92,2444.81,2494.48,252933852,(6751101,)
2014-11-13,2495.0,2507.74,2471.41,2485.61,295037058,(44106053,)
2014-11-14,2477.97,2481.02,2457.04,2478.82,220607619,(38863240,)
2014-11-17,2506.86,2508.77,2472.45,2474.01,215687800,(20382365,)
2014-11-18,2474.18,2477.05,2449.81,2456.37,201062570,(29622792,)
2014-11-19,2452.15,2461.49,2442.71,2450.99,186235771,(28836353,)
2014-11-20,2443.28,2458.32,2437.48,2452.66,165495213,(33882532,)
2014-11-21,2452.64,2488.2,2446.65,2486.79,212239774,(11404054,)
2014-11-24,2505.53,2546.75,2495.52,2532.88,363485835,(9634625,)
2014-11-25,2532.0,2568.38,2527.08,2567.6,314315572,(10027837,)
2014-11-26,2572.65,2605.07,2570.4,2604.35,337127249,(27918871,)
2014-11-27,2615.37,2631.4,2599.11,2630.49,364075719,(24642122,)
2014-11-28,2629.63,2683.18,2622.06,2682.83,465880035,(37618066,)
2014-12-01,2691.73,2720.74,2668.84,2680.16,446791741,(40370535,)
2014-12-02,2667.82,2777.37,2665.69,2763.54,437733381,(8848198,)
2014-12-03,2768.68,2824.18,2733.87,2779.52,562120281,(19333805,)
2014-12-04,2783.47,2900.51,2772.43,2899.46,532687718,(8192845,)
2014-12-05,2926.57,2978.03,2813.05,2937.65,640500296,(52822213,)
2014-12-08,2907.81,3041.66,2879.85,3020.26,587570890,(20775585,)
2014-12-09,2992.49,3091.32,2834.59,2856.27,771998379,(58982508,)
2014-12-10,2855.94,2946.71,2807.68,2940.01,512886913,(2622418,)
2014-12-11,2912.35,2965.68,2892.61,2925.74,482632733,(19006160,)
2014-12-12,2929.36,2962.51,2914.96,2938.17,409480811,(24642150,)
2014-12-15,2921.45,2960.23,2890.9,2953.42,400371695,(19137229,)
2014-12-16,2953.81,3021.9,2943.91,3021.52,453842723,(37945773,)
2014-12-17,3031.95,3076.6,2993.33,3061.02,542503179,(50004224,)
2014-12-18,3062.8,3089.79,3030.32,3057.52,435904952,(34865606,)
2014-12-19,3053.07,3117.53,3018.42,3108.6,521073511,(41484671,)
2014-12-22,3129.27,3189.87,3090.51,3127.45,679371915,(53149903,)
2014-12-23,3085.08,3136.84,3025.67,3032.61,437762400,(46072112,)
2014-12-24,3039.21,3050.51,2934.91,2972.53,376805246,(15926014,)
2014-12-25,2992.46,3073.35,2969.87,3072.54,376947776,(9044834,)
2014-12-26,3078.0,3164.16,3064.18,3157.6,460700932,(20578982,)
2014-12-29,3212.56,3223.86,3126.94,3168.02,510111439,(45678903,)
2014-12-30,3160.8,3190.3,3130.35,3165.81,397725320,(50594037,)
2014-12-31,3172.6,3239.36,3157.26,3234.68,405998521,(15860478,)
2015-01-05,3258.63,3369.28,3253.88,3350.52,531352391,(12911418,)
2015-01-06,3330.8,3394.22,3303.18,3351.45,501661695,(23593612,)
2015-01-07,3326.65,3374.9,3312.21,3373.95,391918880,(34079202,)
2015-01-08,3371.96,3381.57,3285.1,3293.46,371131170,(46465324,)
2015-01-09,3276.97,3404.83,3267.51,3285.41,410240872,(50856167,)
2015-01-12,3258.21,3275.19,3191.58,3229.32,322064679,(53412054,)
2015-01-13,3223.54,3259.39,3214.41,3235.3,230725754,(15467268,)
2015-01-14,3242.34,3268.48,3193.98,3222.44,240190747,(44826949,)
2015-01-15,3224.07,3337.08,3207.54,3336.46,282546240,(9700186,)
2015-01-16,3343.6,3400.32,3340.49,3376.5,339876753,(17433297,)
2015-01-19,3189.73,3262.21,3095.07,3116.35,401098789,(61341796,)
2015-01-20,3114.56,3190.25,3100.48,3173.05,357080811,(2491364,)
2015-01-21,3189.08,3337.0,3178.34,3323.61,410956024,(3605454,)
2015-01-22,3327.32,3352.38,3293.98,3343.34,353382961,(12190515,)
2015-01-23,3357.1,3406.79,3328.29,3351.76,366249240,(43385176,)
2015-01-26,3347.26,3384.8,3321.31,3383.18,317541007,(8782718,)
2015-01-27,3389.85,3390.22,3290.22,3352.96,374517551,(34669035,)
2015-01-28,3325.72,3354.8,3294.66,3305.74,301927095,(46203196,)
2015-01-29,3259.0,3286.79,3234.24,3262.3,274658613,(46727477,)
2015-01-30,3273.75,3288.5,3210.31,3210.36,258312548,(50528508,)
2015-02-02,3148.14,3175.13,3122.57,3128.3,250861629,(44892507,)
2015-02-03,3156.09,3207.94,3129.73,3204.91,248192164,(8717185,)
2015-02-04,3212.82,3238.98,3171.14,3174.13,249098086,(47186214,)
2015-02-05,3251.21,3251.21,3135.82,3136.53,306139305,(50594044,)
2015-02-06,3120.09,3129.54,3052.94,3075.91,246749666,(57213090,)
2015-02-09,3063.51,3119.03,3049.11,3095.12,206108383,(36700604,)
2015-02-10,3090.49,3142.1,3084.25,3141.59,193817139,(13435697,)
2015-02-11,3145.76,3166.42,3139.05,3157.7,172840094,(17040090,)
2015-02-12,3157.96,3181.77,3134.24,3173.42,194592309,(19071694,)
2015-02-13,3186.81,3237.16,3182.79,3203.83,261290436,(6947734,)
2015-02-16,3206.14,3228.85,3195.88,3222.36,223797429,(9241460,)
2015-02-17,3230.88,3255.73,3230.77,3246.91,228332624,(22545066,)
2015-02-25,3256.48,3257.22,3215.55,3228.84,233348094,(39518634,)
2015-02-26,3222.15,3300.62,3202.19,3298.36,301263875,(12387151,)
2015-02-27,3296.83,3324.55,3291.01,3310.3,299163717,(24445566,)
2015-03-02,3332.72,3336.76,3298.67,3336.28,346445671,(11010909,)
2015-03-03,3317.7,3317.7,3260.43,3263.05,382044619,(47382856,)
2015-03-04,3264.18,3286.59,3250.48,3279.53,293639522,(15205163,)
2015-03-05,3264.08,3266.64,3221.67,3248.48,320663585,(37421525,)
2015-03-06,3248.04,3266.93,3234.53,3241.19,282915791,(41681296,)
2015-03-09,3224.31,3307.7,3198.37,3302.41,321495440,(17105670,)
2015-03-10,3289.08,3309.92,3277.1,3286.07,285817576,(25100937,)
2015-03-11,3289.59,3325.05,3278.47,3290.9,282985535,(43254141,)
2015-03-12,3314.81,3360.05,3300.49,3349.32,357295105,(32571935,)
2015-03-13,3359.49,3391.25,3352.15,3372.91,328410154,(13566782,)
2015-03-16,3391.16,3449.3,3377.09,3449.3,399132430,(853008,)
2015-03-17,3469.6,3504.12,3459.69,3502.85,520939506,(17105666,)
2015-03-18,3510.5,3577.66,3503.85,3577.3,545217144,(8520590,)
2015-03-19,3576.02,3600.68,3546.84,3582.27,537346614,(32309785,)
2015-03-20,3587.08,3632.34,3569.38,3617.32,516661669,(27263590,)
2015-03-23,3640.1,3688.25,3635.49,3687.73,536062832,(6489005,)
2015-03-24,3692.57,3715.87,3600.7,3691.41,639554669,(43188613,)
2015-03-25,3680.95,3693.15,3634.56,3660.73,521886348,(34537987,)
2015-03-26,3641.94,3707.32,3615.01,3682.1,488647203,(37618125,)
2015-03-27,3686.13,3710.48,3656.83,3691.1,408945165,(21365441,)
2015-03-30,3710.61,3795.94,3710.61,3786.57,564702353,(16253717,)
2015-03-31,3822.99,3835.57,3737.04,3747.9,561676037,(46137683,)
2015-04-01,3748.34,3817.08,3742.21,3810.29,447458319,(4785100,)
2015-04-03,3803.38,3864.41,3792.21,3863.93,473033311,(16974601,)
2015-04-07,3899.42,3961.67,3891.73,3961.38,570447535,(9765762,)
2015-04-08,3976.53,4000.22,3903.65,3994.81,618085419,(44695919,)
2015-04-09,4006.13,4016.4,3900.03,3957.53,585176825,(49807648,)
2015-04-10,3947.49,4040.35,3929.32,4034.31,484283619,(5964729,)
2015-04-13,4072.72,4128.07,4057.29,4121.71,589814227,(9700214,)
2015-04-14,4125.78,4168.35,4091.26,4135.56,610683541,(33620497,)
2015-04-15,4135.65,4175.49,4069.01,4084.16,613005812,(55115975,)
2015-04-16,4055.92,4195.31,4031.24,4194.82,551242956,(14943010,)
2015-04-17,4254.72,4317.22,4238.91,4287.3,701706205,(23462561,)
2015-04-20,4301.35,4356.0,4190.68,4217.08,857132807,(50987277,)
2015-04-21,4212.19,4294.37,4188.57,4293.62,634470627,(5440458,)
2015-04-22,4304.6,4400.19,4297.95,4398.49,680305086,(3408869,)
2015-04-23,4414.48,4444.41,4358.84,4414.51,667344661,(31326772,)
2015-04-24,4355.95,4416.38,4318.12,4393.69,628554996,(42926484,)
2015-04-27,4441.93,4529.74,4441.93,4527.4,671088521,(21496534,)
2015-04-28,4527.64,4572.39,4432.9,4476.21,767676416,(57278653,)
2015-04-29,4446.12,4499.94,4398.64,4476.62,519834202,(11731828,)
2015-04-30,4483.01,4507.34,4441.05,4441.66,526727975,(39387592,)
2015-05-04,4441.34,4487.57,4387.43,4480.46,494173398,(27394681,)
2015-05-05,4479.85,4488.87,4282.24,4298.71,572858596,(61472888,)
2015-05-06,4311.64,4376.35,4187.37,4229.27,481732993,(51904777,)
2015-05-07,4197.9,4213.76,4108.01,4112.21,394566653,(53936363,)
2015-05-08,4152.98,4206.86,4099.04,4205.92,397428094,(2556920,)
2015-05-11,4231.27,4334.88,4187.82,4333.58,488750515,(590880,)
2015-05-12,4342.37,4402.31,4317.98,4401.22,521866408,(15860513,)
2015-05-13,4402.38,4415.63,4342.48,4375.76,510490475,(31457859,)
2015-05-14,4372.82,4397.75,4329.04,4378.31,449077935,(32899624,)
2015-05-15,4366.82,4366.82,4278.55,4308.69,439706198,(45678957,)
2015-05-18,4277.9,4324.83,4260.51,4283.49,380057452,(26935939,)
2015-05-19,4285.78,4418.4,4285.78,4417.55,436735224,(9044897,)
2015-05-20,4434.98,4520.54,4432.28,4446.29,514106223,(23265968,)
2015-05-21,4456.43,4530.48,4438.26,4529.42,464996520,(7013305,)
2015-05-22,4584.98,4658.27,4562.99,4657.6,655591287,(15598387,)
2015-05-25,4660.08,4814.67,4656.82,4813.8,682461391,(5178322,)
2015-05-26,4854.85,4911.68,4779.08,4910.9,704892829,(6489022,)
2015-05-27,4932.85,4958.16,4857.06,4941.71,681165379,(32178746,)
2015-05-28,4943.74,4986.5,4614.24,4620.27,782964592,(62718056,)
2015-05-29,4603.47,4698.19,4431.56,4611.74,611262409,(32768559,)
2015-06-01,4633.1,4829.5,4615.23,4828.74,593389035,(3933163,)
2015-06-02,4844.7,4911.57,4797.55,4910.53,623748099,(11469683,)
2015-06-03,4924.38,4942.06,4822.44,4909.98,611453839,(37945819,)
2015-06-04,4912.95,4947.96,4647.41,4947.1,674952402,(41353647,)
2015-06-05,5016.09,5051.63,4898.07,5023.1,772240812,(18285318,)
2015-06-08,5045.69,5146.95,4997.48,5131.88,855035085,(37290469,)
2015-06-09,5145.98,5147.45,5042.96,5113.53,729893818,(36831728,)
2015-06-10,5049.2,5164.16,5001.49,5106.04,596969001,(20579044,)
2015-06-11,5101.44,5122.46,5050.76,5121.59,563990522,(22020812,)
2015-06-12,5143.34,5178.19,5103.4,5166.35,625627854,(21168857,)
2015-06-15,5174.42,5176.79,5048.74,5062.99,637803984,(47776075,)
2015-06-16,5004.41,5029.68,4842.1,4887.43,550801407,(58654887,)
2015-06-17,4890.55,4983.66,4767.22,4967.9,537101168,(18219794,)
2015-06-18,4942.52,4966.77,4780.87,4785.36,507440899,(59703446,)
2015-06-19,4689.93,4744.08,4476.5,4478.36,452689626,(66977838,)
2015-06-23,4471.61,4577.94,4264.77,4576.49,473526128,(29950561,)
2015-06-24,4604.58,4691.77,4552.13,4690.15,543003709,(7078856,)
2015-06-25,4711.76,4720.7,4483.55,4527.78,572797533,(60620959,)
2015-06-26,4399.93,4456.9,4139.53,4192.87,565217874,(69337123,)
2015-06-29,4289.77,4297.47,3875.05,4053.03,673786349,(62390405,)
2015-06-30,4006.75,4279.97,3847.88,4277.22,709176633,(5768166,)
2015-07-01,4214.15,4317.05,4043.37,4053.7,598769427,(64946269,)
2015-07-02,4058.62,4080.39,3795.25,3912.77,586015612,(65470543,)
2015-07-03,3793.71,3927.13,3629.56,3686.92,548163111,(66584633,)
2015-07-06,3975.21,3975.21,3653.04,3775.91,831139286,(47513923,)
2015-07-07,3654.78,3750.57,3585.4,3727.12,698818688,(61669458,)
2015-07-08,3467.4,3599.25,3421.53,3507.19,680356922,(54001679,)
2015-07-09,3432.45,3748.48,3373.54,3709.33,656914612,(590604,)
2015-07-10,3707.46,3959.22,3677.43,3877.8,586364255,(1114925,)
2015-07-13,3918.99,4030.19,3858.64,3970.39,643489007,(4850637,)
2015-07-14,3958.37,4035.43,3855.56,3924.49,670558799,(27918966,)
2015-07-15,3874.97,3914.27,3741.25,3805.7,601301324,(61866113,)
2015-07-16,3758.5,3877.51,3688.44,3823.18,492256200,(19071754,)
2015-07-17,3831.42,3994.48,3814.15,3957.35,481726268,(787493,)
2015-07-20,3948.42,4021.33,3927.12,3992.11,539106714,(21431018,)
2015-07-21,3939.9,4041.82,3912.8,4017.67,504288028,(18809613,)
2015-07-22,3996.43,4042.34,3960.86,4026.04,520732225,(27198098,)
2015-07-23,4022.27,4132.61,4019.04,4123.92,563585966,(1967140,)
2015-07-24,4124.75,4184.45,4044.83,4070.91,627424860,(54460668,)
2015-07-27,3985.57,4051.16,3720.44,3725.56,556003247,(69599258,)
2015-07-28,3573.14,3762.53,3537.36,3663.0,563330042,(51314985,)
2015-07-29,3689.82,3792.07,3612.06,3789.17,434352085,(3081230,)
2015-07-30,3773.79,3844.37,3685.96,3705.77,457943228,(57278674,)
2015-07-31,3655.67,3729.51,3620.17,3663.73,350955745,(49283399,)
2015-08-03,3614.99,3648.94,3549.5,3622.91,363968731,(50921784,)
2015-08-04,3621.86,3757.03,3601.29,3756.54,362901666,(3081228,)
2015-08-05,3745.65,3782.35,3676.39,3694.57,366422979,(48562511,)
2015-08-06,3625.5,3710.57,3614.74,3661.54,274074663,(46596452,)
2015-08-07,3692.61,3756.74,3686.3,3744.2,340757184,(2819098,)
2015-08-10,3786.03,3943.62,3775.85,3928.42,497304319,(1377328,)
2015-08-11,3928.81,3970.34,3891.18,3927.91,538923460,(31523414,)
2015-08-12,3881.23,3937.77,3871.14,3886.32,442688278,(49152329,)
2015-08-13,3869.91,3955.79,3838.16,3954.56,430073303,(5112814,)
2015-08-14,3976.41,4000.68,3939.83,3965.33,467988217,(30147173,)
2015-08-17,3947.84,3994.54,3907.4,3993.67,460432060,(19596051,)
2015-08-18,3999.13,4006.34,3743.39,3748.16,543770822,(68157486,)
2015-08-19,3646.8,3811.43,3558.38,3794.11,475396239,(9569189,)
2015-08-20,3754.57,3788.01,3663.61,3664.29,390063057,(61800590,)
2015-08-21,3609.96,3652.84,3490.54,3507.74,369920479,(67239997,)
2015-08-24,3373.48,3388.36,3191.88,3209.91,334671792,(70451223,)
2015-08-25,3004.13,3123.03,2947.94,2964.97,352325110,(69140515,)
2015-08-26,2980.79,3092.04,2850.71,2927.29,466699663,(46727531,)
2015-08-27,2978.03,3085.42,2906.49,3083.59,400308398,(6226894,)
2015-08-28,3125.26,3235.84,3102.95,3232.35,443136928,(1508382,)
2015-08-31,3203.56,3207.86,3109.16,3205.99,397431382,(56099033,)
2015-09-01,3157.83,3180.33,3053.74,3166.62,432432468,(58785965,)
2015-09-02,3027.68,3194.48,3019.09,3160.17,438170153,(51380508,)
2015-09-07,3149.38,3217.58,3066.3,3080.42,296468114,(20906731,)
2015-09-08,3054.44,3174.71,3011.12,3170.45,255415465,(3671040,)
2015-09-09,3182.55,3256.74,3165.7,3243.09,375327978,(3081229,)
2015-09-10,3190.55,3243.28,3178.9,3197.89,273261759,(58196160,)
2015-09-11,3189.48,3223.76,3163.45,3200.23,224557822,(23986876,)
2015-09-14,3221.17,3229.48,3049.23,3114.8,346631158,(64356458,)
2015-09-15,3043.8,3081.7,2983.92,3005.17,249194445,(66191440,)
2015-09-16,2998.04,3182.93,2983.54,3152.26,277524524,(2229282,)
2015-09-17,3131.98,3204.7,3085.31,3086.06,317602892,(61931657,)
2015-09-18,3100.28,3122.05,3070.34,3097.92,209175398,(15139660,)
2015-09-21,3072.09,3159.88,3060.86,3156.54,239897354,(4195325,)
2015-09-22,3161.32,3213.48,3152.48,3185.62,274786154,(20906737,)
2015-09-23,3137.72,3164.04,3104.74,3115.89,236322670,(56885462,)
2015-09-24,3126.49,3151.16,3109.69,3142.69,212887723,(10027933,)
2015-09-25,3130.85,3149.95,3063.0,3092.35,236263871,(62849158,)
2015-09-28,3085.57,3103.07,3042.31,3100.76,156727530,(14287709,)
2015-09-29,3055.22,3068.3,3021.16,3038.14,163222673,(60293286,)
2015-09-30,3052.84,3073.3,3039.74,3052.78,146642449,(20382430,)
2015-10-08,3156.07,3172.28,3133.13,3143.36,234276050,(2556955,)
2015-10-09,3146.64,3192.72,3137.79,3183.15,234851445,(10355598,)
2015-10-12,3193.54,3318.71,3188.41,3287.66,386294715,(2425867,)
2015-10-13,3262.16,3298.63,3253.25,3293.23,297153133,(22676165,)
2015-10-14,3280.02,3307.32,3256.25,3262.44,295077739,(55378148,)
2015-10-15,3255.03,3338.3,3254.39,3338.07,316283851,(2491406,)
2015-10-16,3358.3,3393.02,3334.85,3391.35,395460575,(11862888,)
2015-10-19,3401.63,3423.4,3355.57,3386.7,378112183,(43057547,)
2015-10-20,3377.55,3425.52,3357.86,3425.33,318973758,(11404135,)
2015-10-21,3428.56,3447.26,3265.44,3320.68,458455428,(64553044,)
2015-10-22,3292.29,3373.78,3282.99,3368.74,323739341,(3867635,)
2015-10-23,3377.55,3422.02,3360.22,3412.43,347372854,(6226888,)
2015-10-26,3448.65,3457.52,3402.0,3429.58,365560853,(23069375,)
2015-10-27,3409.14,3441.57,3332.62,3434.34,328172768,(36176383,)
2015-10-28,3417.01,3439.76,3367.23,3375.2,293523284,(58130609,)
2015-10-29,3387.77,3411.71,3362.51,3387.32,235676026,(16909084,)
2015-10-30,3380.28,3417.2,3346.59,3382.56,243595118,(40960436,)
2015-11-02,3337.58,3391.06,3322.31,3325.08,230951129,(54657262,)
2015-11-03,3330.32,3346.27,3302.18,3316.7,192897428,(35258897,)
2015-11-04,3325.62,3459.65,3325.62,3459.64,339078730,(1180726,)
2015-11-05,3459.22,3585.66,3455.53,3522.82,553254947,(30081644,)
2015-11-06,3514.44,3596.38,3508.83,3590.03,429167033,(3146762,)
2015-11-09,3588.5,3673.76,3588.5,3646.88,503016682,(21365482,)
2015-11-10,3617.4,3669.53,3607.89,3640.49,429746576,(36766213,)
2015-11-11,3635.0,3654.88,3605.62,3650.25,360972651,(20251392,)
2015-11-12,3656.82,3659.31,3603.23,3632.9,361717600,(41615822,)
2015-11-13,3600.76,3632.56,3564.81,3580.84,345870933,(53608714,)
2015-11-16,3522.46,3607.61,3519.42,3606.96,276187057,(15926104,)
2015-11-17,3629.98,3678.27,3598.07,3604.8,383575468,(44237210,)
2015-11-18,3605.06,3617.07,3558.7,3568.47,297580734,(57934048,)
2015-11-19,3573.78,3618.21,3561.04,3617.06,247915576,(4326421,)
2015-11-20,3620.79,3640.53,3607.92,3630.5,310801972,(25821880,)
2015-11-23,3630.87,3654.75,3598.87,3610.31,315997474,(48562547,)
2015-11-24,3602.89,3616.48,3563.1,3616.11,248810524,(31588966,)
2015-11-25,3614.07,3648.37,3607.52,3647.93,273024857,(14025591,)
2015-11-26,3659.57,3668.38,3629.86,3635.55,306761582,(45547929,)
2015-11-27,3616.54,3621.9,3412.43,3436.3,354287525,(69861431,)
2015-11-30,3433.86,3470.37,3327.81,3445.4,304197903,(38208020,)
2015-12-01,3442.44,3483.41,3417.54,3456.31,252390755,(25756355,)
2015-12-02,3450.28,3538.85,3427.66,3536.91,301491480,(34996805,)
2015-12-03,3525.73,3591.73,3517.23,3584.82,281111255,(8586198,)
2015-12-04,3558.15,3568.97,3510.41,3524.99,251736411,(49611115,)
2015-12-07,3529.81,3543.95,3506.62,3536.93,208302579,(21562112,)
2015-12-08,3518.65,3518.65,3466.79,3470.07,224367310,(61800635,)
2015-12-09,3462.58,3495.7,3454.88,3472.44,195698845,(42861006,)
2015-12-10,3469.81,3503.65,3446.27,3455.5,200427517,(44171698,)
2015-12-11,3441.6,3455.55,3410.92,3434.58,182908878,(48038273,)
2015-12-14,3403.51,3521.78,3399.28,3520.67,215374620,(8848367,)
2015-12-15,3518.13,3529.96,3496.85,3510.35,200471341,(27329220,)
2015-12-16,3522.09,3538.69,3506.29,3516.19,193482310,(31392366,)
2015-12-17,3533.63,3583.41,3533.63,3580.0,283856476,(2163803,)
2015-12-18,3574.94,3614.7,3568.16,3578.96,273707904,(41812454,)
2015-12-21,3568.58,3651.06,3565.75,3642.47,299849280,(16384880,)
2015-12-22,3645.99,3652.63,3616.87,3651.77,261178763,(26870472,)
2015-12-23,3653.28,3684.57,3633.03,3636.09,298201801,(50921828,)
2015-12-24,3631.31,3640.22,3572.28,3612.49,227785225,(45679030,)
2015-12-25,3614.05,3635.26,3601.74,3627.91,198451111,(20185907,)
2015-12-28,3635.77,3641.59,3533.78,3533.78,269983278,(64815265,)
2015-12-29,3528.4,3564.17,3515.52,3563.74,182551923,(14877581,)
2015-12-30,3566.73,3573.68,3538.11,3572.88,187889609,(25821916,)
2015-12-31,3570.47,3580.6,3538.35,3539.18,176963659,(58196211,)
2016-01-04,3536.59,3538.69,3295.74,3296.26,184418423,(74121237,)
2016-01-05,3196.65,3328.14,3189.6,3287.71,266882083,(47776163,)
2016-01-06,3291.19,3362.97,3288.93,3361.84,238886670,(3671115,)
2016-01-07,3309.66,3309.66,3115.89,3125.0,70569123,(73269277,)
2016-01-08,3194.63,3235.45,3056.88,3186.41,286440822,(21431103,)
2016-01-11,3131.85,3166.22,3016.7,3016.7,271643691,(72613942,)
2016-01-12,3026.16,3047.66,2978.46,3022.86,207659622,(31851155,)
2016-01-13,3041.11,3059.01,2949.29,2949.6,194282106,(68747367,)
2016-01-14,2874.05,3012.29,2867.55,3007.65,212905644,(5637170,)
2016-01-15,2988.05,3001.71,2883.87,2900.97,198721697,(69664874,)
2016-01-18,2847.54,2945.45,2844.7,2913.84,164699694,(17236845,)
2016-01-19,2914.41,3012.07,2906.4,3007.74,205279703,(2229363,)
2016-01-20,2993.01,3016.28,2951.92,2976.69,216505474,(55116086,)
2016-01-21,2934.39,2998.79,2880.08,2880.48,191675668,(73531447,)
2016-01-22,2911.11,2931.36,2851.73,2916.56,159810734,(10028015,)
2016-01-25,2934.08,2955.78,2911.83,2938.51,153039057,(11142100,)
2016-01-26,2907.72,2911.99,2743.84,2749.79,210836054,(74121262,)
2016-01-27,2756.08,2768.77,2638.3,2735.56,215722046,(53739871,)
2016-01-28,2711.16,2740.54,2647.49,2655.66,171120280,(70058087,)
2016-01-29,2652.85,2755.37,2649.79,2737.6,186673106,(3474532,)
2016-02-01,2730.98,2735.26,2655.62,2688.85,156383744,(56557865,)
2016-02-02,2687.98,2755.16,2687.98,2749.57,158078211,(2491508,)
2016-02-03,2719.57,2746.07,2696.88,2739.25,148397217,(38535723,)
2016-02-04,2751.43,2793.3,2751.31,2781.02,170382018,(3212392,)
2016-02-05,2783.08,2790.06,2762.16,2763.49,141186284,(54526272,)
2016-02-15,2684.96,2760.36,2682.09,2746.2,129263932,(51642737,)
2016-02-16,2758.58,2840.62,2758.58,2836.57,195961614,(1115270,)
2016-02-17,2829.76,2868.7,2824.36,2867.34,216909925,(15139734,)
2016-02-18,2881.78,2893.21,2857.7,2862.89,219203873,(43844059,)
2016-02-19,2854.9,2872.72,2840.49,2860.02,163391413,(36241987,)
2016-02-22,2888.6,2933.96,2880.35,2927.18,232176042,(3474520,)
2016-02-23,2925.71,2928.05,2872.28,2903.33,199740663,(53477706,)
2016-02-24,2889.88,2929.87,2872.27,2928.9,213410384,(24445687,)
2016-02-25,2922.24,2922.24,2729.85,2741.25,270284416,(74252315,)
2016-02-26,2760.06,2784.75,2715.87,2767.21,191110472,(28639937,)
2016-02-29,2754.81,2755.89,2638.96,2687.98,207410709,(71958592,)
2016-03-01,2688.38,2747.56,2668.76,2733.17,187207443,(5899305,)
2016-03-02,2733.77,2852.7,2732.54,2849.68,270961783,(1115262,)
2016-03-03,2847.33,2878.45,2840.87,2859.76,287478210,(32834151,)
2016-03-04,2848.54,2880.37,2808.85,2874.15,312495169,(56951072,)
2016-03-07,2886.64,2911.84,2871.35,2897.34,217466836,(7406614,)
2016-03-08,2895.67,2902.62,2802.56,2901.39,233482661,(37683760,)
2016-03-09,2839.41,2863.01,2811.72,2862.56,183355383,(67895422,)
2016-03-10,2847.57,2863.18,2803.48,2804.73,138979461,(66453650,)
2016-03-11,2781.6,2815.61,2772.55,2810.31,127247554,(38797840,)
2016-03-14,2830.08,2889.82,2823.03,2859.5,194816030,(3081322,)
2016-03-15,2853.98,2865.79,2819.79,2864.37,163386667,(51249511,)
2016-03-16,2858.71,2881.53,2854.19,2870.43,186492535,(55574842,)
2016-03-17,2875.41,2921.0,2857.19,2904.83,200290213,(4260950,)
2016-03-18,2915.52,2971.55,2908.74,2955.15,313332735,(2950242,)
2016-03-21,2978.46,3028.32,2973.76,3018.8,352400438,(3081315,)
2016-03-22,3001.63,3019.1,2988.43,2999.36,270377322,(53150050,)
2016-03-23,2991.17,3012.56,2980.86,3009.96,216977462,(23331591,)
2016-03-24,2986.8,2998.15,2960.54,2960.97,237006403,(62783688,)
2016-03-25,2956.2,2981.41,2952.11,2979.43,175074344,(17236844,)
2016-03-28,2988.01,3008.17,2948.53,2957.82,202021241,(52363606,)
2016-03-29,2956.71,2962.2,2905.25,2919.83,182965345,(62456004,)
2016-03-30,2941.22,3001.11,2941.22,3000.65,210371451,(2098283,)
2016-03-31,3009.37,3023.41,2992.92,3003.92,220413445,(35455559,)
2016-04-01,2997.09,3009.67,2956.25,3009.53,206545866,(44433854,)
2016-04-05,3000.94,3057.33,2993.15,3053.07,256730344,(4129854,)
2016-04-06,3039.74,3059.79,3029.0,3050.59,232262051,(36635180,)
2016-04-07,3058.34,3062.36,3007.06,3008.42,220919506,(62783671,)
2016-04-08,2988.2,2996.17,2960.46,2984.96,187904633,(55312676,)
2016-04-11,3006.91,3048.98,3006.91,3033.96,220018324,(4457525,)
2016-04-12,3031.3,3036.82,3001.32,3023.65,182718668,(50856292,)
2016-04-13,3041.36,3097.16,3041.36,3066.64,310003246,(9700331,)
2016-04-14,3080.09,3086.7,3056.99,3082.36,208237830,(14746510,)
2016-04-15,3085.03,3089.95,3066.87,3078.12,189613051,(42402273,)
2016-04-18,3058.46,3058.46,3022.97,3033.66,183304512,(63242429,)
2016-04-19,3047.13,3054.5,3024.9,3042.82,156533200,(25821901,)
2016-04-20,3050.38,3055.69,2905.05,2972.58,283144219,(70189143,)
2016-04-21,2954.37,2990.67,2943.46,2952.89,189406849,(55312693,)
2016-04-22,2933.03,2960.21,2926.78,2959.24,137211668,(21234458,)
2016-04-25,2949.97,2954.09,2917.02,2946.67,125856243,(50135414,)
2016-04-26,2944.72,2965.43,2933.97,2964.7,117711604,(13501334,)
2016-04-27,2967.19,2976.02,2949.43,2953.67,130867640,(46399910,)
2016-04-28,2955.74,2959.51,2916.37,2945.59,138663274,(51380571,)
2016-04-29,2935.38,2950.58,2930.36,2938.32,109310628,(41550297,)
2016-05-03,2940.39,2993.53,2929.81,2992.64,168703643,(3212383,)
2016-05-04,2983.03,3004.42,2978.33,2991.27,165407106,(41550318,)
2016-05-05,2987.02,2999.12,2977.2,2997.84,144831383,(26542763,)
2016-05-06,2998.4,3003.59,2913.04,2913.25,206796498,(72286280,)
2016-05-09,2896.16,2896.16,2821.83,2832.11,180378330,(71499861,)
2016-05-10,2822.33,2845.24,2820.16,2832.59,120829310,(36176430,)
2016-05-11,2843.54,2857.25,2818.7,2837.04,135795466,(47514008,)
2016-05-12,2812.11,2839.28,2781.24,2835.86,136337655,(49021324,)
2016-05-13,2828.46,2850.09,2814.11,2827.11,114319710,(46924177,)
2016-05-16,2816.78,2851.23,2804.99,2850.86,114653592,(7013389,)
2016-05-17,2850.93,2860.32,2832.46,2843.68,123369064,(50332005,)
2016-05-18,2828.18,2828.26,2781.42,2807.51,140487826,(69075045,)
2016-05-19,2802.31,2829.4,2801.55,2806.91,111595071,(30474877,)
2016-05-20,2792.89,2825.95,2785.08,2825.48,108700899,(13239214,)
2016-05-23,2826.31,2848.07,2826.26,2843.65,120470455,(7603203,)
2016-05-24,2839.68,2839.7,2807.19,2821.67,111452445,(59441364,)
2016-05-25,2835.03,2843.17,2807.75,2815.09,103527265,(44761466,)
2016-05-26,2813.54,2827.09,2780.76,2822.44,114766797,(30016091,)
2016-05-27,2817.97,2832.8,2809.8,2821.05,109845823,(35783164,)
2016-05-30,2814.65,2830.97,2794.66,2822.45,106319589,(48824670,)
2016-05-31,2822.59,2917.14,2822.59,2916.62,215260341,(918633,)
2016-06-01,2917.15,2929.08,2909.51,2913.51,188386421,(31785539,)
2016-06-02,2911.22,2925.67,2906.52,2925.23,159716916,(17105697,)
2016-06-03,2929.79,2945.52,2915.19,2938.68,172021023,(28770948,)
2016-06-06,2940.99,2945.94,2922.28,2934.1,141993742,(40239579,)
2016-06-07,2936.28,2938.44,2923.5,2936.04,132987867,(39911906,)
2016-06-08,2932.38,2937.99,2908.37,2927.16,143046071,(49938772,)
2016-06-13,2897.27,2911.16,2832.51,2833.07,169255434,(71434291,)
2016-06-14,2824.23,2843.46,2822.06,2842.19,119755274,(26542755,)
2016-06-15,2814.69,2894.26,2811.78,2887.21,166671069,(1377381,)
2016-06-16,2878.4,2887.74,2865.39,2872.82,173882767,(50200937,)
2016-06-17,2873.01,2900.3,2872.18,2885.11,171472517,(19530547,)
2016-06-20,2887.64,2891.66,2864.02,2888.81,136571051,(38535679,)
2016-06-21,2898.38,2919.3,2869.18,2878.56,164359089,(52691246,)
2016-06-22,2872.73,2905.98,2869.51,2905.55,130590424,(7406575,)
2016-06-23,2902.4,2904.11,2878.66,2891.96,136137375,(52560182,)
2016-06-24,2883.76,2899.57,2807.6,2854.29,190842609,(62587060,)
2016-06-27,2840.56,2895.73,2840.28,2895.7,156697472,(3540024,)
2016-06-28,2885.01,2913.58,2878.82,2912.56,173871047,(15926095,)
2016-06-29,2918.53,2934.0,2915.06,2931.59,193215586,(29098643,)
2016-06-30,2931.48,2938.14,2922.31,2929.61,154464930,(37290503,)
2016-07-01,2931.8,2944.99,2925.81,2932.48,141246227,(38666733,)
2016-07-04,2924.29,2992.5,2922.52,2988.6,222017132,(3212356,)
2016-07-05,2991.75,3010.27,2990.64,3006.39,235204450,(23921376,)
2016-07-06,2998.52,3017.65,2984.83,3017.29,212370920,(30343804,)
2016-07-07,3009.35,3024.11,2994.64,3016.85,222681667,(37618203,)
2016-07-08,3000.33,3001.55,2983.88,2988.09,168986859,(49873237,)
2016-07-11,2993.75,3022.94,2990.91,2994.92,224338224,(40436195,)
2016-07-12,2992.52,3049.68,2984.42,3049.38,259486295,(13173670,)
2016-07-13,3049.51,3069.05,3048.2,3060.69,253659384,(23069436,)
2016-07-14,3054.97,3057.05,3036.52,3054.02,180194804,(41157082,)
2016-07-15,3056.68,3062.68,3044.54,3054.3,172866398,(42271189,)
2016-07-18,3047.64,3058.32,3031.64,3043.56,177496562,(51183969,)
2016-07-19,3040.23,3043.6,3014.29,3036.6,155361466,(31195763,)
2016-07-20,3034.71,3043.0,3022.63,3027.9,138242815,(42860991,)
2016-07-21,3027.6,3053.33,3027.37,3039.01,163767370,(28902032,)
2016-07-22,3038.12,3039.27,3007.46,3012.82,162010181,(59637984,)
2016-07-25,3008.09,3027.12,3003.29,3015.83,144206582,(31457902,)
2016-07-26,3014.04,3050.61,3013.8,3050.17,156694506,(6751251,)
2016-07-27,3050.37,3057.42,2939.23,2992.0,280160915,(67567745,)
2016-07-28,2980.5,3003.36,2968.18,2994.32,190564950,(34800196,)
2016-07-29,2992.54,3000.05,2972.92,2979.34,150101534,(52494663,)
2016-08-01,2971.95,2972.88,2931.96,2953.39,147407763,(58917113,)
2016-08-02,2950.08,2971.28,2946.64,2971.28,115468900,(10879943,)
2016-08-03,2963.21,2981.16,2956.79,2978.46,141141332,(24314604,)
2016-08-04,2976.41,2982.86,2958.93,2982.43,133933301,(27722413,)
2016-08-05,2978.78,2991.68,2971.56,2976.7,141857101,(47186317,)
2016-08-08,2972.62,3004.72,2959.05,3004.28,155729833,(12518343,)
2016-08-09,3001.31,3025.91,2998.68,3025.68,169995446,(14353290,)
2016-08-10,3023.47,3033.2,3017.09,3018.75,164675165,(50594151,)
2016-08-11,3013.68,3038.05,3001.17,3002.64,161879481,(65405091,)
2016-08-12,3000.27,3051.05,2999.04,3050.67,168173657,(7603227,)
2016-08-15,3056.48,3137.48,3053.87,3125.2,297616506,(2032767,)
2016-08-16,3130.53,3140.44,3102.07,3110.04,278328934,(27460303,)
2016-08-17,3106.99,3114.25,3090.28,3109.55,213839637,(35062361,)
2016-08-18,3107.75,3125.58,3093.32,3104.11,229359081,(42664414,)
2016-08-19,3100.39,3113.34,3082.77,3108.1,194347453,(38994450,)
2016-08-22,3107.38,3112.74,3083.59,3084.81,185387927,(59179269,)
2016-08-23,3081.57,3101.11,3073.53,3089.71,161368965,(32899693,)
2016-08-24,3092.02,3097.15,3079.55,3085.88,145707440,(39256585,)
2016-08-25,3073.44,3073.44,3041.51,3068.33,174032980,(56623407,)
2016-08-26,3069.85,3087.65,3063.89,3070.31,149663901,(26739387,)
2016-08-29,3068.46,3074.94,3058.79,3070.03,144500007,(31457918,)
2016-08-30,3071.44,3082.99,3065.97,3074.68,140434811,(38535685,)
2016-08-31,3072.92,3087.7,3063.4,3085.49,141368609,(30409341,)
2016-09-01,3083.96,3088.7,3062.88,3063.31,155191093,(59834602,)
2016-09-02,3057.49,3072.53,3050.49,3067.35,150446920,(40042998,)
2016-09-05,3070.71,3085.49,3065.33,3072.1,144963317,(25297614,)
2016-09-06,3071.06,3095.51,3053.19,3090.71,172908524,(8717315,)
2016-09-07,3091.33,3105.68,3087.88,3091.93,186956763,(38994438,)
2016-09-08,3089.95,3096.78,3083.9,3095.95,145883771,(29622928,)
2016-09-09,3095.43,3101.79,3078.22,3078.85,160692924,(57606414,)
2016-09-12,3037.51,3040.95,2999.93,3021.98,206012086,(70516834,)
2016-09-13,3025.03,3029.72,3008.74,3023.51,135387580,(22020900,)
2016-09-14,3008.9,3017.94,2995.42,3002.85,133413401,(51183983,)
2016-09-19,3005.32,3026.65,3005.32,3026.05,119225027,(8913906,)
2016-09-20,3027.17,3027.82,3015.88,3023.0,118924117,(44040642,)
2016-09-21,3021.58,3032.45,3017.54,3025.87,115721213,(30540427,)
2016-09-22,3038.42,3054.44,3035.07,3042.31,139309554,(21431054,)
2016-09-23,3044.79,3046.8,3032.8,3033.9,125590976,(47972764,)
2016-09-26,3028.24,3028.24,2980.12,2980.43,144330286,(71499870,)
2016-09-27,2974.59,2998.23,2969.13,2998.17,121701450,(16384908,)
2016-09-28,3000.7,3000.7,2984.32,2987.86,104625697,(49021327,)
2016-09-29,2992.17,3009.2,2991.91,2998.48,113213919,(24642258,)
2016-09-30,2994.25,3009.2,2993.06,3004.7,101333562,(22610675,)
2016-10-10,3020.46,3048.24,3014.62,3048.14,160051104,(7930929,)
2016-10-11,3051.62,3066.1,3048.02,3065.25,167273496,(18809677,)
2016-10-12,3057.32,3060.51,3048.89,3058.5,142493577,(44827091,)
2016-10-13,3057.97,3065.0,3052.64,3061.35,154756725,(38470160,)
2016-10-14,3056.99,3064.79,3043.18,3063.81,155373705,(44564955,)
2016-10-17,3064.69,3068.81,3033.75,3041.17,163733265,(62587112,)
2016-10-18,3037.4,3084.19,3037.4,3083.88,182042460,(4195440,)
2016-10-19,3085.75,3096.22,3076.77,3084.72,182470143,(44630488,)
2016-10-20,3084.91,3089.68,3076.29,3084.46,160691364,(40567325,)
2016-10-21,3081.39,3101.85,3069.27,3090.94,187388072,(50332062,)
2016-10-24,3092.05,3137.03,3090.79,3128.25,240522349,(11928570,)
2016-10-25,3127.97,3132.5,3121.05,3131.94,203380898,(30999234,)
2016-10-26,3129.84,3129.84,3110.39,3116.31,191663263,(54788458,)
2016-10-27,3112.6,3114.76,3100.39,3112.35,158008789,(41157144,)
2016-10-28,3111.7,3128.64,3101.24,3104.27,181774123,(56885579,)
2016-10-31,3097.19,3102.3,3081.07,3100.49,151506764,(42140172,)
2016-11-01,3101.66,3122.61,3097.04,3122.44,160232032,(8586256,)
2016-11-02,3115.73,3118.98,3099.82,3102.73,182722067,(57934142,)
2016-11-03,3096.76,3140.93,3094.1,3128.94,222986260,(20579176,)
2016-11-04,3126.35,3141.33,3119.54,3125.32,197683197,(46989785,)
2016-11-07,3124.89,3139.2,3117.1,3133.33,179418490,(36635242,)
2016-11-08,3140.94,3156.88,3134.95,3147.89,190846979,(21824332,)
2016-11-09,3146.08,3146.95,3096.95,3128.37,241114958,(60686616,)
2016-11-10,3148.54,3172.31,3148.54,3171.28,244192602,(5637227,)
2016-11-11,3169.4,3202.74,3166.07,3196.04,310854579,(25428771,)
2016-11-14,3187.71,3221.46,3186.8,3210.37,329608313,(32047794,)
2016-11-15,3209.95,3214.29,3195.04,3206.99,240886350,(33751707,)
2016-11-16,3208.5,3210.89,3195.41,3205.06,221766993,(40436251,)
2016-11-17,3198.5,3211.05,3187.21,3208.45,214206240,(42729982,)
2016-11-18,3207.19,3212.39,3187.5,3192.86,209826639,(50856341,)
2016-11-21,3188.5,3229.76,3188.28,3218.15,230652844,(27787993,)
2016-11-22,3220.98,3249.68,3220.98,3248.35,261631547,(16778130,)
2016-11-23,3247.94,3262.88,3231.59,3241.14,249959592,(55247178,)
2016-11-24,3237.43,3257.86,3232.87,3241.74,232324527,(47514049,)
2016-11-25,3241.24,3262.44,3209.6,3261.94,233921601,(35258999,)
2016-11-28,3270.05,3288.34,3267.67,3277.0,281551253,(37487193,)
2016-11-29,3269.23,3301.21,3263.4,3282.92,320836287,(56820045,)
2016-11-30,3272.14,3277.27,3239.52,3250.03,243576053,(53084549,)
2016-12-01,3257.03,3279.67,3256.26,3273.31,237759864,(19727218,)
2016-12-02,3270.12,3279.71,3235.28,3243.84,259567205,(66519234,)
2016-12-05,3203.78,3219.52,3194.88,3204.71,223010394,(52298114,)
2016-12-06,3202.03,3215.31,3196.52,3199.65,157572693,(30212799,)
2016-12-07,3198.47,3222.43,3189.49,3222.24,169072847,(10224665,)
2016-12-08,3225.55,3228.12,3211.47,3215.37,170710173,(54985059,)
2016-12-09,3209.34,3244.8,3207.04,3232.88,204023956,(42926580,)
2016-12-12,3233.67,3245.09,3149.9,3152.97,274708461,(75759682,)
2016-12-13,3138.99,3162.5,3118.71,3155.04,185164495,(29033189,)
2016-12-14,3149.38,3170.02,3136.35,3140.53,201358887,(51315099,)
2016-12-15,3125.76,3138.78,3100.91,3117.68,189990626,(20448118,)
2016-12-16,3111.51,3128.87,3106.35,3122.98,164988699,(21496665,)
2016-12-19,3120.7,3125.28,3110.08,3118.08,154169716,(40567351,)
2016-12-20,3115.9,3117.01,3084.8,3102.88,157426759,(46006757,)
2016-12-21,3107.24,3140.25,3107.24,3137.43,186706607,(12059649,)
2016-12-22,3132.16,3143.17,3126.89,3139.56,167804990,(43450901,)
2016-12-23,3134.93,3138.4,3103.75,3110.15,166176769,(65405147,)
2016-12-26,3095.58,3122.88,3068.42,3122.57,152571881,(30409443,)
2016-12-27,3117.39,3127.88,3113.75,3114.66,141528939,(40108602,)
2016-12-28,3113.77,3118.78,3094.55,3102.24,135727087,(51577223,)
2016-12-29,3095.84,3111.8,3087.34,3096.1,132623292,(45810135,)
2016-12-30,3097.35,3108.84,3089.99,3103.64,133267130,(33424032,)
2017-01-03,3105.31,3136.46,3105.31,3135.92,141567187,(11338786,)
2017-01-04,3133.79,3160.1,3130.11,3158.79,167860850,(12518407,)
2017-01-05,3157.91,3168.5,3154.28,3165.41,174727645,(38797904,)
2017-01-06,3163.78,3172.03,3153.03,3154.32,183708966,(52035998,)
2017-01-09,3148.53,3173.14,3147.74,3171.24,171714075,(23266130,)
2017-01-10,3167.57,3174.58,3157.33,3161.67,179759216,(49938878,)
2017-01-11,3156.69,3167.03,3136.27,3136.75,178362221,(64094444,)
2017-01-12,3133.6,3144.97,3115.98,3119.29,148889240,(60686618,)
2017-01-13,3116.08,3130.51,3102.16,3112.76,156274214,(58982726,)
2017-01-16,3104.49,3105.14,3044.29,3103.43,257885996,(62521644,)
2017-01-17,3087.03,3108.91,3072.34,3108.77,136157861,(24838989,)
2017-01-18,3104.77,3123.72,3098.59,3113.01,131780128,(44302865,)
2017-01-19,3104.97,3115.78,3094.01,3101.3,123851420,(53019034,)
2017-01-20,3095.82,3125.66,3095.21,3123.14,122366777,(4261039,)
2017-01-23,3125.42,3145.84,3125.42,3136.77,132660392,(14156790,)
2017-01-24,3134.59,3149.53,3131.22,3142.55,125973881,(47645164,)
2017-01-25,3137.65,3151.47,3133.19,3149.55,112073827,(27132693,)
2017-01-26,3149.22,3163.1,3148.91,3159.17,113876772,(20382595,)
2017-02-03,3160.08,3162.68,3136.01,3140.17,92224736,(53870995,)
2017-02-06,3143.09,3158.84,3135.39,3156.98,127198283,(12977147,)
2017-02-07,3154.4,3159.54,3140.04,3153.09,128337442,(44499479,)
2017-02-08,3148.09,3167.45,3132.03,3166.98,144920187,(17761196,)
2017-02-09,3164.69,3186.84,3162.57,3183.18,191640327,(18547623,)
2017-02-10,3183.01,3205.05,3182.8,3196.7,239348913,(39715450,)
2017-02-13,3198.99,3219.41,3198.99,3216.84,220191508,(19268528,)
2017-02-14,3216.14,3219.4,3205.29,3217.93,188798088,(46137877,)
2017-02-15,3215.46,3236.0,3206.56,3212.99,241507706,(55968144,)
2017-02-16,3210.36,3230.28,3207.79,3229.62,216955942,(21889928,)
2017-02-17,3227.71,3238.4,3199.42,3202.08,226228177,(62128442,)
2017-02-20,3198.96,3241.46,3198.96,3239.96,232152096,(19858362,)
2017-02-21,3242.22,3254.34,3239.88,3253.33,211673066,(21758847,)
2017-02-22,3252.69,3261.38,3243.84,3261.22,207453776,(34538176,)
2017-02-23,3258.83,3264.08,3236.36,3251.38,209179800,(49938916,)
2017-02-24,3246.86,3253.96,3233.53,3253.43,186406362,(32965330,)
2017-02-27,3249.19,3251.65,3224.09,3228.66,182581071,(64880914,)
2017-02-28,3225.97,3242.68,3225.97,3241.73,151244318,(25101119,)
2017-03-01,3240.07,3259.98,3237.87,3246.93,190677550,(32572095,)
2017-03-02,3250.52,3256.81,3228.66,3230.03,181215076,(60817723,)
2017-03-03,3219.2,3221.16,3206.61,3218.31,157082368,(45875726,)
2017-03-06,3217.33,3234.66,3215.07,3233.87,156092158,(11928625,)
2017-03-07,3233.09,3242.66,3226.82,3242.41,164064235,(35979940,)
2017-03-08,3240.53,3245.3,3230.61,3240.66,160731388,(53084582,)
2017-03-09,3233.7,3233.88,3205.28,3216.75,167371108,(65077515,)
2017-03-10,3213.73,3222.32,3208.45,3212.76,136672743,(42271287,)
2017-03-13,3209.45,3237.12,3193.16,3237.02,163673760,(19268553,)
2017-03-14,3235.25,3246.33,3231.52,3239.33,146946022,(47251972,)
2017-03-15,3235.4,3243.71,3227.74,3241.76,144055682,(49545694,)
2017-03-16,3247.16,3269.77,3247.16,3268.94,189416002,(8586363,)
2017-03-17,3271.87,3274.19,3232.28,3237.45,200583223,(66257170,)
2017-03-20,3241.11,3251.13,3228.12,3250.81,170548430,(30081818,)
2017-03-21,3250.25,3262.22,3246.7,3261.61,162719306,(36766379,)
2017-03-22,3246.22,3255.78,3229.13,3245.22,189731649,(56230316,)
2017-03-23,3245.81,3262.09,3221.93,3248.55,193029144,(45482553,)
2017-03-24,3247.35,3275.21,3241.12,3269.45,219777914,(27329351,)
2017-03-27,3268.92,3283.24,3262.12,3266.96,201852675,(48038421,)
2017-03-28,3265.63,3265.63,3246.09,3252.95,161710013,(54657443,)
2017-03-29,3252.87,3262.1,3233.28,3241.31,216105575,(58982788,)
2017-03-30,3235.14,3240.02,3195.85,3210.24,247135479,(70844634,)
2017-03-31,3206.25,3226.25,3205.54,3222.51,196442922,(30999328,)
2017-04-05,3235.66,3270.65,3233.24,3270.31,248320202,(7668906,)
2017-04-06,3272.19,3286.67,3265.76,3281.0,245287999,(38863519,)
2017-04-07,3280.62,3295.19,3275.05,3286.62,236108942,(45089350,)
2017-04-10,3285.46,3285.46,3265.01,3269.39,232694616,(60752241,)
2017-04-11,3266.22,3290.39,3244.4,3288.97,281281248,(27198295,)
2017-04-12,3283.84,3284.93,3262.28,3273.83,269381790,(59769203,)
2017-04-13,3265.22,3281.14,3261.49,3275.96,207346875,(32506620,)
2017-04-14,3276.14,3276.71,3238.9,3246.07,214508558,(71303377,)
2017-04-17,3229.95,3229.95,3199.91,3222.17,212737189,(64160056,)
2017-04-18,3215.4,3225.05,3196.49,3196.71,188661353,(61145438,)
2017-04-19,3184.67,3189.44,3147.07,3170.69,213238075,(58655121,)
2017-04-20,3165.67,3178.18,3148.18,3172.1,190873985,(47972901,)
2017-04-21,3170.29,3180.79,3158.63,3173.15,164761740,(45810229,)
2017-04-24,3164.25,3164.25,3111.21,3129.53,186277434,(73334979,)
2017-04-25,3123.89,3145.27,3117.45,3134.57,153418307,(30802711,)
2017-04-26,3132.92,3152.95,3131.42,3140.85,169878107,(31523620,)
2017-04-27,3131.35,3155.0,3097.33,3152.19,211793073,(32178970,)
2017-04-28,3144.02,3154.73,3136.58,3154.66,162889899,(29295405,)
2017-05-02,3147.23,3154.78,3136.54,3143.71,154222962,(49349128,)
2017-05-03,3138.31,3148.29,3123.75,3135.35,163763924,(43516524,)
2017-05-04,3127.11,3143.82,3111.39,3127.37,177967485,(56492433,)
2017-05-05,3114.77,3117.61,3092.09,3103.04,176213641,(64094436,)
2017-05-08,3090.07,3093.45,3067.69,3078.61,180526904,(65208545,)
2017-05-09,3064.85,3084.21,3056.56,3080.53,135066674,(23135063,)
2017-05-10,3078.17,3090.82,3051.59,3052.78,160794452,(69730459,)
2017-05-11,3036.79,3063.56,3016.53,3061.5,191341901,(47579640,)
2017-05-12,3054.11,3090.49,3051.87,3083.51,159684099,(41812522,)
2017-05-15,3085.93,3098.91,3085.93,3090.23,135660728,(35586688,)
2017-05-16,3082.87,3113.51,3060.53,3112.96,173775564,(5833846,)
2017-05-17,3107.8,3119.58,3101.3,3104.44,168674158,(31982266,)
2017-05-18,3082.33,3103.44,3077.96,3090.14,148620035,(59638071,)
2017-05-19,3086.71,3095.48,3081.28,3090.63,129635230,(43516445,)
2017-05-22,3087.17,3103.94,3063.15,3075.68,153683730,(68550851,)
2017-05-23,3069.39,3084.24,3050.84,3061.95,178310599,(69206203,)
2017-05-24,3047.57,3064.81,3022.3,3064.08,139813353,(26805022,)
2017-05-25,3055.34,3114.66,3052.83,3107.83,191391841,(17105871,)
2017-05-26,3101.29,3120.66,3100.39,3110.06,155923486,(37683807,)
2017-05-31,3125.33,3143.28,3111.56,3117.18,152950430,(41419315,)
2017-06-01,3108.42,3113.52,3097.68,3102.62,163015719,(69861560,)
2017-06-02,3094.23,3110.39,3081.85,3105.54,142504925,(19137461,)
2017-06-05,3102.11,3105.51,3084.83,3091.66,132570300,(18547615,)
2017-06-06,3084.54,3102.86,3078.79,3102.13,113439963,(22938433,)
2017-06-07,3101.76,3140.77,3098.95,3140.32,173229014,(1836232,)
2017-06-08,3136.47,3153.26,3132.83,3150.33,152277659,(49349047,)
2017-06-09,3147.45,3165.92,3146.11,3158.4,160136334,(37028459,)
2017-06-12,3149.53,3164.95,3135.31,3139.88,146729425,(66584795,)
2017-06-13,3134.01,3155.99,3131.04,3153.74,128318279,(9176129,)
2017-06-14,3146.75,3149.17,3125.35,3130.67,138347042,(42336798,)
2017-06-15,3125.59,3137.59,3117.08,3132.49,146954245,(12518412,)
2017-06-16,3126.37,3134.25,3117.86,3123.17,129652758,(52101525,)
2017-06-19,3122.16,3146.77,3121.78,3144.37,134891758,(17695681,)
2017-06-20,3148.02,3150.46,3134.61,3140.01,141191802,(46531054,)
2017-06-21,3148.99,3157.03,3132.62,3156.21,136688268,(35652237,)
2017-06-22,3152.24,3186.98,3146.64,3147.45,191344006,(67436765,)
2017-06-23,3138.44,3158.05,3118.09,3157.87,154843648,(41419338,)
2017-06-26,3157.0,3187.89,3156.98,3185.44,173579211,(8258654,)
2017-06-27,3183.42,3193.46,3172.46,3191.2,148201198,(33358505,)
2017-06-28,3183.63,3193.44,3170.79,3173.2,146516720,(61473070,)
2017-06-29,3174.98,3188.77,3174.28,3188.06,128755470,(23528265,)
2017-06-30,3176.95,3193.24,3171.57,3192.43,121464543,(36307591,)
2017-07-03,3192.0,3196.29,3177.02,3195.91,140305717,(19858329,)
2017-07-04,3192.89,3193.06,3174.31,3182.8,141114967,(55705971,)
2017-07-05,3179.22,3207.31,3174.71,3207.13,148296483,(12256264,)
2017-07-06,3203.86,3215.95,3188.77,3212.44,175809287,(45941256,)
2017-07-07,3203.82,3219.52,3195.29,3217.96,176715416,(28115735,)
2017-07-10,3208.46,3223.34,3203.21,3212.63,198928010,(49283541,)
2017-07-11,3201.52,3226.91,3199.22,3203.04,187837262,(63111449,)
2017-07-12,3201.93,3215.2,3177.93,3197.54,186900880,(49021421,)
2017-07-13,3192.36,3219.27,3190.34,3218.16,195303611,(34865831,)
2017-07-14,3212.03,3222.98,3204.85,3222.42,160126773,(51446186,)
2017-07-17,3219.79,3230.35,3139.5,3176.46,266205274,(77070426,)
2017-07-18,3159.73,3187.67,3150.13,3187.57,190623060,(20120485,)
2017-07-19,3181.4,3232.94,3179.73,3230.98,272420726,(8782933,)
2017-07-20,3227.51,3246.24,3225.43,3244.86,232108392,(33227457,)
2017-07-21,3236.59,3247.71,3231.96,3237.98,206003251,(45285909,)
2017-07-24,3230.9,3261.1,3230.07,3250.6,233056399,(24052574,)
2017-07-25,3249.14,3261.65,3233.14,3243.69,205573873,(56033669,)
2017-07-26,3244.46,3264.85,3228.04,3247.67,213542005,(49349093,)
2017-07-27,3243.76,3251.93,3220.64,3249.78,228485945,(20513708,)
2017-07-28,3240.17,3256.37,3232.96,3253.24,182226880,(47579629,)
2017-07-31,3252.75,3276.95,3251.19,3273.03,246039440,(28705559,)
2017-08-01,3274.37,3292.64,3273.5,3292.64,237194594,(41091665,)
2017-08-02,3288.52,3305.43,3282.04,3285.06,266730628,(63242530,)
2017-08-03,3279.99,3293.37,3262.16,3272.93,233277004,(31785724,)
2017-08-04,3269.32,3287.19,3261.31,3262.08,275906340,(53936548,)
2017-08-07,3257.67,3280.1,3243.72,3279.46,231173379,(22807422,)
2017-08-08,3277.19,3285.48,3269.66,3281.87,252043537,(43647541,)
2017-08-09,3277.81,3277.94,3263.85,3275.57,235597907,(40764014,)
2017-08-10,3269.73,3282.52,3236.18,3261.75,240684622,(61800781,)
2017-08-11,3237.92,3245.12,3200.75,3208.54,262962995,(69075158,)
2017-08-14,3206.04,3240.05,3206.04,3237.36,190346796,(7210130,)
2017-08-15,3235.23,3263.59,3235.1,3251.26,182297997,(34538170,)
2017-08-16,3247.85,3248.78,3228.87,3246.45,176852051,(31916789,)
2017-08-17,3253.85,3269.14,3251.46,3268.43,203622551,(20317103,)
2017-08-18,3253.24,3275.08,3248.08,3268.72,191122483,(49152504,)
2017-08-21,3274.58,3287.52,3270.48,3286.91,186122483,(18678726,)
2017-08-22,3287.61,3293.48,3274.94,3290.23,186537991,(60358999,)
2017-08-23,3283.8,3299.46,3274.44,3287.7,179832208,(55443871,)
2017-08-24,3287.96,3297.99,3266.36,3271.51,163468937,(59244909,)
2017-08-25,3271.46,3331.91,3271.46,3331.52,205839482,(7341202,)
2017-08-28,3336.13,3375.03,3336.13,3362.65,257461438,(10749021,)
2017-08-29,3362.06,3374.59,3354.46,3365.23,219504535,(46924317,)
2017-08-30,3361.82,3376.65,3357.08,3363.63,246863312,(40108676,)
2017-08-31,3361.46,3367.36,3340.69,3360.81,234419781,(33358566,)
2017-09-01,3365.99,3381.93,3358.47,3367.12,282497584,(36766406,)
2017-09-04,3369.72,3381.4,3359.13,3379.58,267427849,(43844183,)
2017-09-05,3377.2,3390.82,3371.57,3384.32,216552946,(48955907,)
2017-09-06,3372.43,3391.01,3364.76,3385.39,229090785,(43909719,)
2017-09-07,3383.63,3387.8,3363.18,3365.5,221118685,(54788527,)
2017-09-08,3364.43,3380.89,3353.69,3365.24,198405184,(39256719,)
2017-09-11,3365.35,3384.81,3360.05,3376.42,219011019,(21562286,)
2017-09-12,3381.49,3391.07,3370.85,3379.49,272910319,(56951187,)
2017-09-13,3374.72,3387.14,3366.54,3384.15,194550715,(31589121,)
2017-09-14,3383.47,3391.64,3361.33,3371.43,221306487,(51773929,)
2017-09-15,3365.15,3365.53,3345.33,3353.62,219765816,(52625891,)
2017-09-18,3352.51,3371.75,3352.51,3362.86,190319676,(26936132,)
2017-09-19,3365.53,3370.4,3344.71,3356.84,191129691,(51708391,)
2017-09-20,3352.18,3370.1,3346.54,3366.0,192196661,(24576875,)
2017-09-21,3364.7,3377.88,3356.88,3357.81,197448695,(65601829,)
2017-09-22,3347.16,3356.45,3334.98,3352.53,179234007,(55443899,)
2017-09-25,3344.59,3350.96,3334.94,3341.55,169621293,(66453796,)
2017-09-26,3336.35,3347.16,3332.6,3343.58,132628595,(40370841,)
2017-09-27,3340.82,3349.69,3340.3,3345.27,143086945,(24380277,)
2017-09-28,3343.84,3344.6,3336.18,3339.64,149444300,(59900288,)
2017-09-29,3340.31,3357.02,3340.31,3348.94,144862443,(19989455,)
2017-10-09,3403.25,3410.17,3366.97,3374.38,191736057,(14681144,)
2017-10-10,3373.34,3384.03,3358.8,3382.99,179423841,(22021061,)
2017-10-11,3381.49,3395.78,3379.16,3388.28,181476704,(49480209,)
2017-10-12,3385.53,3390.2,3372.53,3386.1,161809380,(56361404,)
2017-10-13,3384.49,3395.75,3383.24,3390.52,139954764,(27853660,)
2017-10-16,3393.21,3400.51,3374.77,3378.47,174330620,(72024286,)
2017-10-17,3373.23,3382.41,3365.56,3372.04,125381725,(41157243,)
2017-10-18,3373.53,3383.23,3371.92,3381.79,157228791,(62783839,)
2017-10-19,3374.64,3378.74,3359.63,3370.17,158476495,(67371305,)
2017-10-20,3363.51,3379.77,3360.1,3378.65,127172851,(13304932,)
2017-10-23,3382.28,3385.29,3374.71,3380.7,130846289,(29950772,)
2017-10-24,3376.6,3388.69,3374.12,3388.25,139897511,(57213344,)
2017-10-25,3384.86,3398.3,3382.03,3396.9,123131222,(20186053,)
2017-10-26,3397.52,3414.24,3391.45,3407.57,183768625,(28640070,)
2017-10-27,3404.5,3421.1,3402.11,3416.81,170257173,(59900301,)
2017-10-30,3413.87,3419.73,3357.28,3390.34,208349286,(74383566,)
2017-10-31,3381.0,3397.1,3376.12,3393.34,153498206,(20906975,)
2017-11-01,3393.97,3410.35,3388.6,3395.91,180566127,(45613659,)
2017-11-02,3391.65,3391.65,3372.21,3383.31,166864267,(64880972,)
2017-11-03,3377.74,3380.57,3347.36,3371.74,172714790,(61342085,)
2017-11-06,3369.69,3389.38,3356.53,3388.17,154636468,(23266235,)
2017-11-07,3389.47,3415.15,3387.95,3413.57,190571746,(29819721,)
2017-11-08,3409.15,3434.49,3404.88,3415.46,185436470,(33817356,)
2017-11-09,3410.67,3428.77,3408.62,3427.79,158650426,(32047918,)
2017-11-10,3423.18,3438.79,3414.33,3432.67,189276503,(50266671,)
2017-11-13,3435.18,3449.16,3435.08,3447.84,205389054,(49087037,)
2017-11-14,3446.55,3450.49,3419.69,3429.55,196472674,(60555670,)
2017-11-15,3416.21,3423.75,3396.38,3402.52,168792076,(61604200,)
2017-11-16,3393.19,3409.65,3390.59,3399.25,156684332,(56885694,)
2017-11-17,3392.68,3403.29,3373.3,3382.91,249458153,(78184611,)
2017-11-20,3361.36,3393.11,3337.12,3392.4,176524683,(44827273,)
2017-11-21,3382.36,3419.8,3377.6,3410.5,196871803,(49349171,)
2017-11-22,3417.33,3442.18,3404.29,3430.46,213567093,(48300617,)
2017-11-23,3425.01,3429.42,3342.33,3351.92,215265393,(80609402,)
2017-11-24,3340.38,3360.75,3328.33,3353.82,159569663,(33489682,)
2017-11-27,3346.66,3347.05,3315.26,3322.23,166439170,(60948838,)
2017-11-28,3311.23,3333.8,3300.78,3333.66,138247799,(9700522,)
2017-11-29,3335.57,3343.06,3305.57,3337.86,183805932,(44696181,)
2017-11-30,3328.64,3340.92,3306.28,3317.19,156595851,(55771572,)
2017-12-01,3315.11,3324.52,3302.44,3317.62,139198300,(22414271,)
2017-12-04,3310.38,3324.0,3304.1,3309.62,148053288,(68354335,)
2017-12-05,3301.69,3315.74,3300.51,3303.68,208278862,(75956413,)
2017-12-06,3291.31,3296.2,3254.61,3293.96,151604452,(23331784,)
2017-12-07,3283.28,3291.28,3259.16,3272.05,132105900,(54067667,)
2017-12-08,3264.48,3297.13,3258.76,3289.99,133209314,(12321908,)
2017-12-11,3290.49,3322.67,3288.29,3322.2,131965984,(15402035,)
2017-12-12,3320.31,3320.31,3280.33,3280.81,124604827,(74580159,)
2017-12-13,3278.4,3304.01,3273.32,3303.04,111998647,(19334127,)
2017-12-14,3302.93,3309.53,3282.57,3292.44,120544235,(45810272,)
2017-12-15,3287.53,3287.53,3259.39,3266.14,130940618,(56623559,)
2017-12-18,3268.03,3280.54,3254.18,3267.92,120700389,(50135583,)
2017-12-19,3266.02,3296.94,3266.02,3296.54,115140134,(20382676,)
2017-12-20,3296.74,3300.21,3276.12,3287.61,137745118,(68288802,)
2017-12-21,3281.12,3309.22,3267.4,3300.06,142127927,(45351532,)
2017-12-22,3297.69,3307.33,3293.44,3297.06,124047326,(51511815,)
2017-12-25,3296.21,3312.3,3270.44,3280.46,146893635,(67240242,)
2017-12-26,3277.84,3307.3,3274.33,3306.12,142434501,(17302590,)
2017-12-27,3302.46,3307.08,3270.35,3275.78,162674890,(58524079,)
2017-12-28,3272.29,3304.1,3263.73,3296.38,175371670,(31589165,)
2017-12-29,3295.25,3308.22,3292.77,3307.17,141586836,(23397300,)
2018-01-02,3314.03,3349.05,3314.03,3348.33,202278860,(15074388,)
2018-01-03,3347.74,3379.92,3345.29,3369.11,213836149,(25363379,)
2018-01-04,3371.0,3392.83,3365.3,3385.71,206955288,(44696184,)
2018-01-05,3386.46,3402.07,3380.25,3391.75,213060681,(43451021,)
2018-01-08,3391.55,3412.73,3384.56,3409.48,236165106,(41419452,)
2018-01-09,3406.11,3417.23,3403.59,3413.9,191488551,(52298260,)
2018-01-10,3414.11,3430.21,3398.84,3421.83,209094997,(68747568,)
2018-01-11,3415.58,3426.48,3405.64,3425.35,173812133,(33293099,)
2018-01-12,3423.88,3435.42,3417.98,3428.94,174063404,(54329839,)
2018-01-15,3428.95,3442.5,3402.31,3410.49,232009283,(75759826,)
2018-01-16,3403.47,3437.58,3401.96,3436.59,211475468,(19989504,)
2018-01-17,3438.58,3465.2,3430.51,3444.67,261045030,(39781073,)
2018-01-18,3449.88,3476.55,3448.79,3474.75,220039555,(39649976,)
2018-01-19,3481.62,3498.43,3474.29,3487.86,247536733,(50987533,)
2018-01-22,3476.99,3503.39,3475.67,3501.36,217487534,(29819752,)
2018-01-23,3504.34,3547.22,3504.34,3546.5,238705904,(39518911,)
2018-01-24,3553.48,3569.49,3527.11,3559.47,252954496,(32899877,)
2018-01-25,3555.17,3571.48,3528.03,3548.31,243413422,(49611319,)
2018-01-26,3535.49,3574.9,3534.2,3558.13,222698295,(51053072,)
2018-01-29,3563.64,3587.03,3510.27,3523.0,236026965,(67567934,)
2018-01-30,3511.5,3523.05,3484.66,3488.01,186369975,(46006871,)
2018-01-31,3470.51,3495.45,3454.73,3480.83,207253403,(70451475,)
2018-02-01,3478.67,3495.09,3424.42,3446.98,260504707,(79626395,)
2018-02-02,3419.22,3463.16,3388.86,3462.08,208120551,(51708449,)
2018-02-05,3411.67,3487.72,3406.24,3487.5,217673754,(52691450,)
2018-02-06,3418.01,3440.12,3364.22,3370.65,280555477,(84672549,)
2018-02-07,3412.74,3425.54,3304.01,3309.26,260939714,(29885260,)
2018-02-08,3281.05,3307.16,3225.71,3262.05,201262499,(17368093,)
2018-02-09,3172.85,3180.11,3062.74,3129.85,256389176,(83230792,)
2018-02-12,3128.37,3168.13,3113.61,3154.13,153310831,(6096094,)
2018-02-13,3176.11,3219.22,3176.11,3184.96,151527597,(36045541,)
2018-02-14,3188.25,3203.5,3171.38,3199.16,100322827,(32703245,)
2018-02-22,3237.57,3269.92,3234.12,3268.56,138730445,(3540223,)
2018-02-23,3275.43,3294.13,3258.49,3289.02,145790368,(28574540,)
2018-02-26,3307.29,3335.99,3281.62,3329.57,188568602,(3343627,)
2018-02-27,3328.67,3328.67,3284.63,3292.07,174219368,(49545758,)
2018-02-28,3264.06,3277.83,3239.84,3259.41,151043536,(51970533,)
2018-03-01,3235.09,3280.15,3228.58,3273.75,159098320,(15336495,)
2018-03-02,3248.45,3269.94,3242.27,3254.53,150861063,(58786211,)
2018-03-05,3255.87,3269.4,3236.72,3256.93,144835988,(36635365,)
2018-03-06,3266.49,3290.25,3243.65,3289.64,195358046,(13304939,)
2018-03-07,3288.86,3308.41,3264.76,3271.67,168665019,(63242605,)
2018-03-08,3268.35,3289.5,3261.55,3288.41,149827519,(21234642,)
2018-03-09,3291.43,3309.72,3283.56,3307.17,168424509,(12321887,)
2018-03-12,3319.21,3333.56,3313.56,3326.7,206532436,(11011210,)
2018-03-13,3324.12,3333.88,3307.38,3310.24,177114353,(63963487,)
2018-03-14,3298.67,3304.98,3287.36,3291.38,157491085,(66126151,)
2018-03-15,3277.51,3297.1,3273.2,3291.11,148573606,(60686739,)
2018-03-16,3290.21,3300.57,3269.28,3269.88,141203647,(49414700,)
2018-03-19,3264.93,3280.57,3251.05,3279.25,137954980,(39125697,)
2018-03-20,3257.22,3292.57,3252.43,3290.64,139881081,(41943712,)
2018-03-21,3299.73,3314.21,3268.88,3280.95,168398277,(50659848,)
2018-03-22,3281.26,3288.8,3242.76,3263.48,150432977,(42861209,)
2018-03-23,3172.77,3188.24,3110.66,3152.76,275532013,(83099729,)
2018-03-26,3117.32,3134.28,3091.46,3133.72,186366350,(25035708,)
2018-03-27,3164.8,3172.78,3143.57,3166.65,189073383,(4982021,)
2018-03-28,3130.57,3165.21,3117.53,3122.29,163500488,(62980466,)
2018-03-29,3127.26,3174.51,3098.25,3160.53,170312384,(15205454,)
2018-03-30,3161.79,3177.72,3152.89,3168.9,154646596,(23462831,)
2018-04-02,3169.78,3192.34,3159.99,3163.18,177727777,(44237442,)
2018-04-03,3130.01,3144.33,3119.13,3136.63,152216674,(65732940,)
2018-04-04,3147.05,3163.34,3128.87,3131.11,146976682,(53608941,)
2018-04-09,3125.44,3146.09,3110.3,3138.29,139608621,(43778684,)
2018-04-10,3144.26,3190.65,3139.08,3190.32,168201359,(29950822,)
2018-04-11,3197.37,3220.85,3191.59,3208.08,175867197,(27263852,)
2018-04-12,3203.28,3205.25,3177.05,3180.16,148231313,(62259589,)
2018-04-13,3192.04,3197.9,3155.51,3159.05,127552310,(55247320,)
2018-04-16,3152.89,3153.11,3096.1,3110.65,154415695,(67043653,)
2018-04-17,3112.97,3118.76,3064.03,3066.8,147222846,(77070509,)
2018-04-18,3091.91,3096.89,3041.63,3091.4,159290503,(25297832,)
2018-04-19,3094.27,3127.44,3090.29,3117.38,160056805,(34079497,)
2018-04-20,3105.46,3111.17,3065.92,3071.54,155147091,(77725858,)
2018-04-23,3063.44,3085.06,3045.94,3068.01,131686340,(49938987,)
2018-04-24,3069.75,3136.04,3069.75,3128.93,162274806,(3605781,)
2018-04-25,3112.4,3122.91,3107.0,3117.97,127311053,(43713162,)
2018-04-26,3119.5,3121.93,3067.93,3075.03,133972736,(77922454,)
2018-04-27,3082.41,3088.03,3049.91,3082.23,131225643,(34407202,)
2018-05-02,3087.41,3097.6,3064.76,3081.18,134184566,(48235088,)
2018-05-03,3074.52,3105.66,3056.16,3100.86,139985620,(22086607,)
2018-05-04,3093.12,3104.09,3086.78,3091.03,118711265,(50004516,)
2018-05-07,3094.9,3136.84,3091.66,3136.64,138948186,(5113082,)
2018-05-08,3135.3,3169.7,3134.06,3161.5,146927061,(21889964,)
2018-05-09,3160.14,3165.37,3145.66,3159.15,122637268,(49480239,)
2018-05-10,3169.05,3176.14,3155.53,3174.41,133000756,(29688653,)
2018-05-11,3179.8,3180.76,3162.21,3163.26,130659749,(67305778,)
2018-05-14,3167.04,3183.82,3163.48,3174.03,129327353,(56558044,)
2018-05-15,3180.42,3192.81,3164.52,3192.12,124549051,(19006478,)
2018-05-16,3180.23,3191.95,3166.81,3169.57,130524968,(59113913,)
2018-05-17,3170.01,3172.77,3148.62,3154.28,113995567,(51708417,)
2018-05-18,3151.08,3193.45,3144.78,3193.3,136516918,(26739601,)
2018-05-21,3206.18,3219.74,3203.34,3213.84,164459413,(11928722,)
2018-05-22,3211.25,3214.59,3192.23,3214.35,144292684,(37880528,)
2018-05-23,3205.44,3205.44,3168.96,3168.96,157807648,(70844694,)
2018-05-24,3167.94,3173.53,3152.07,3154.65,124085800,(52953596,)
2018-05-25,3148.41,3156.73,3131.07,3141.3,128610843,(59441598,)
2018-05-28,3136.81,3149.66,3115.96,3135.08,128755918,(62456198,)
2018-05-29,3129.62,3143.21,3112.15,3120.46,135717800,(56885718,)
2018-05-30,3081.14,3085.4,3041.0,3041.44,155115126,(82378870,)
2018-05-31,3061.83,3098.08,3054.27,3095.47,140475532,(9962681,)
2018-06-01,3084.75,3102.09,3059.79,3075.14,129872199,(59244965,)
2018-06-04,3083.43,3098.4,3076.99,3091.19,114593902,(44827248,)
2018-06-05,3088.01,3114.77,3080.05,3114.21,118735592,(10159265,)
2018-06-06,3109.17,3117.53,3103.53,3115.18,120196135,(41288356,)
2018-06-07,3121.18,3128.72,3105.58,3109.5,127784970,(64094564,)
2018-06-08,3100.6,3100.68,3053.29,3067.15,134688220,(72679683,)
2018-06-11,3057.34,3063.61,3037.91,3052.78,108563786,(58655156,)
2018-06-12,3053.03,3081.45,3034.1,3079.8,113275096,(23659472,)
2018-06-13,3071.46,3071.46,3044.12,3049.8,119607886,(76808379,)
2018-06-14,3038.07,3066.05,3032.41,3044.16,115469487,(50659872,)
2018-06-15,3037.45,3048.8,3008.73,3021.9,144532571,(73728233,)
2018-06-19,2982.65,2984.97,2871.35,2907.82,230550067,(86310977,)
2018-06-20,2889.98,2925.56,2872.16,2915.73,144301420,(22676462,)
2018-06-21,2912.0,2940.59,2872.62,2875.81,154378332,(75563223,)
2018-06-22,2855.59,2891.97,2837.14,2889.76,126143129,(11601056,)
2018-06-25,2903.45,2908.62,2857.87,2859.34,121917687,(54460914,)
2018-06-26,2829.99,2850.24,2803.79,2844.51,125918468,(25297857,)
2018-06-27,2842.4,2854.26,2798.8,2813.18,129420833,(57606587,)
2018-06-28,2799.9,2825.99,2782.45,2786.9,118357907,(67698995,)
2018-06-29,2789.81,2848.37,2782.38,2847.42,125671685,(1901910,)
2018-07-02,2841.58,2845.68,2756.82,2775.56,137035034,(77332681,)
2018-07-03,2774.57,2786.89,2722.45,2786.89,142498466,(16254057,)
2018-07-04,2776.63,2793.18,2754.16,2759.13,123262181,(76153038,)
2018-07-05,2755.34,2777.52,2727.94,2733.88,129226112,(82116746,)
2018-07-06,2731.35,2768.87,2691.02,2747.23,136294380,(32768829,)
2018-07-09,2752.45,2815.79,2752.45,2815.11,121549309,(4523310,)
2018-07-10,2819.71,2828.49,2800.63,2827.63,117062748,(21693399,)
2018-07-11,2780.7,2794.36,2752.44,2777.77,126821149,(82968715,)
2018-07-12,2771.04,2844.19,2771.04,2837.66,146980200,(2819409,)
2018-07-13,2831.43,2835.46,2818.85,2831.18,117689348,(38011601,)
2018-07-16,2827.08,2837.51,2804.49,2814.04,107767151,(49545806,)
2018-07-17,2806.89,2806.92,2774.76,2798.13,105409220,(43582108,)
2018-07-18,2801.78,2818.4,2786.04,2787.26,120961165,(55443954,)
2018-07-19,2791.02,2805.01,2764.49,2772.55,114486493,(72089891,)
2018-07-20,2769.75,2837.86,2753.84,2829.27,145907688,(14222489,)
2018-07-23,2815.2,2863.57,2809.62,2859.54,173382797,(22742020,)
2018-07-24,2862.27,2911.46,2862.27,2905.56,229578307,(7800070,)
2018-07-25,2911.45,2912.31,2894.04,2903.65,167800207,(47186532,)
2018-07-26,2905.79,2915.3,2875.7,2882.23,168428202,(47514243,)
2018-07-27,2879.69,2889.69,2864.11,2873.59,146371610,(55902727,)
2018-07-30,2871.94,2896.01,2850.3,2869.05,151652249,(67174771,)
2018-07-31,2866.9,2884.68,2854.32,2876.4,118931117,(36438815,)
2018-08-01,2882.51,2897.4,2823.93,2824.53,149514348,(77988052,)
2018-08-02,2815.34,2815.34,2726.48,2768.02,174179003,(81199285,)
2018-08-03,2763.4,2777.66,2740.43,2740.44,127006363,(63177100,)
2018-08-06,2736.53,2760.47,2692.32,2705.16,129753058,(76742872,)
2018-08-07,2711.74,2779.37,2696.04,2779.37,149579743,(3016033,)
2018-08-08,2771.13,2779.91,2741.07,2744.07,147688715,(73138449,)
2018-08-09,2729.58,2801.66,2726.22,2794.38,151660333,(5178671,)
2018-08-10,2791.4,2806.12,2777.51,2795.31,121532232,(30344044,)
2018-08-13,2769.02,2789.8,2742.56,2785.87,127532241,(51511879,)
2018-08-14,2780.74,2789.44,2766.57,2780.96,109571077,(45286020,)
2018-08-15,2777.25,2777.7,2721.24,2723.26,116161787,(86638693,)
2018-08-16,2691.43,2732.95,2672.74,2705.19,120277878,(70582586,)
2018-08-17,2723.89,2730.33,2665.59,2668.97,112445294,(81133735,)
2018-08-20,2673.07,2698.47,2653.11,2698.47,110784164,(32310117,)
2018-08-21,2700.34,2739.17,2696.29,2733.83,113586839,(13436060,)
2018-08-22,2731.96,2731.96,2709.06,2714.61,93664640,(72745236,)
2018-08-23,2714.87,2736.01,2700.8,2724.62,98446470,(27722621,)
2018-08-24,2717.08,2748.82,2705.32,2729.43,100516269,(53936643,)
2018-08-27,2736.32,2780.9,2736.32,2780.9,132762578,(3081570,)
2018-08-28,2782.29,2791.39,2769.4,2777.98,118749367,(43123364,)
2018-08-29,2774.86,2778.54,2762.35,2769.29,100156929,(65077634,)
2018-08-30,2769.33,2780.53,2736.35,2737.74,106060943,(77398233,)
2018-08-31,2730.11,2744.63,2710.54,2725.25,109758742,(68813132,)
2018-09-03,2716.4,2722.85,2692.36,2720.73,102213011,(53477935,)
2018-09-04,2720.65,2756.61,2712.38,2750.58,109010307,(11797702,)
2018-09-05,2741.38,2745.47,2704.34,2704.34,105002269,(81002672,)
2018-09-06,2697.58,2719.41,2683.74,2691.59,99017833,(61473171,)
2018-09-07,2696.68,2728.55,2683.72,2702.3,107523293,(31654737,)
2018-09-10,2698.01,2703.43,2667.32,2669.48,103559170,(81395883,)
2018-09-11,2668.49,2680.57,2652.7,2664.8,99865946,(38470380,)
2018-09-12,2659.74,2672.07,2647.17,2656.11,90026758,(38470369,)
2018-09-13,2679.21,2689.06,2653.19,2686.58,107335014,(16057462,)
2018-09-14,2688.78,2694.92,2675.29,2681.64,100005008,(65470829,)
2018-09-17,2671.29,2671.29,2647.92,2651.79,88238888,(78119126,)
2018-09-18,2644.3,2700.19,2644.3,2699.95,115767993,(6685995,)
2018-09-19,2694.8,2746.08,2690.99,2730.85,141550318,(14288010,)
2018-09-20,2732.17,2743.96,2724.08,2729.24,111387463,(58393042,)
2018-09-21,2733.87,2797.49,2722.03,2797.49,158016642,(8127772,)
2018-09-25,2775.07,2790.03,2771.16,2781.14,111983179,(60490191,)
2018-09-26,2785.32,2827.34,2783.34,2806.81,139567706,(33424146,)
2018-09-27,2805.79,2810.51,2786.32,2791.78,123997696,(77463786,)
2018-09-28,2794.26,2821.76,2791.84,2821.35,134290456,(13173927,)
2018-10-08,2768.21,2771.94,2710.18,2716.51,149501388,(89981005,)
2018-10-09,2713.73,2734.31,2711.2,2721.01,116771899,(35324718,)
2018-10-10,2723.72,2743.55,2703.06,2725.84,113485736,(35783465,)
2018-10-11,2643.07,2661.29,2560.32,2583.46,197150702,(94371861,)
2018-10-12,2574.04,2615.92,2536.67,2606.91,170081635,(58393103,)
2018-10-15,2605.91,2611.97,2564.74,2568.1,118576197,(78381284,)
2018-10-16,2567.76,2597.72,2536.44,2546.33,119419144,(79495389,)
2018-10-17,2574.31,2582.55,2517.57,2561.61,129953997,(23135269,)
2018-10-18,2544.91,2544.91,2485.62,2486.42,125428513,(88408169,)
2018-10-19,2460.08,2553.39,2449.2,2550.47,147323558,(9110813,)
2018-10-22,2565.64,2675.41,2565.64,2654.88,211888449,(329147,)
2018-10-23,2652.65,2659.81,2583.26,2594.83,178343543,(77791487,)
2018-10-24,2579.97,2640.4,2577.77,2603.3,160060407,(35324730,)
2018-10-25,2540.93,2606.1,2531.53,2603.8,162032979,(60162539,)
2018-10-26,2610.9,2626.12,2580.85,2598.85,158936119,(28771267,)
2018-10-29,2593.59,2595.54,2529.19,2542.1,134241923,(77791473,)
2018-10-30,2538.57,2586.92,2521.78,2568.05,166682309,(17237138,)
2018-10-31,2573.01,2612.92,2567.03,2602.78,180550348,(11404526,)
2018-11-01,2617.03,2636.8,2603.65,2606.24,200903932,(42205908,)
2018-11-02,2649.25,2676.48,2628.87,2676.48,225026921,(2557335,)
2018-11-05,2665.43,2673.19,2639.27,2665.43,193760100,(33686405,)
2018-11-06,2660.72,2660.86,2635.32,2659.36,163669479,(57213467,)
2018-11-07,2659.84,2675.68,2639.25,2641.34,173201986,(65077675,)
2018-11-08,2660.09,2662.37,2632.3,2635.63,159635487,(54985271,)
2018-11-09,2621.24,2621.24,2598.16,2598.87,152446307,(60883427,)
2018-11-12,2593.2,2631.17,2590.21,2630.52,175031308,(3802504,)
2018-11-13,2600.5,2666.49,2597.35,2654.88,249282447,(11076868,)
2018-11-14,2648.31,2658.31,2627.96,2632.24,238449351,(54788670,)
2018-11-15,2632.14,2668.17,2631.89,2668.17,207848721,(9700622,)
2018-11-16,2669.78,2695.57,2657.03,2679.11,242198849,(29098939,)
2018-11-19,2681.9,2703.51,2674.18,2703.51,231662827,(38994735,)
2018-11-20,2684.29,2690.83,2643.36,2645.85,215891309,(88146045,)
2018-11-21,2619.82,2653.8,2617.78,2651.51,182596447,(28378068,)
2018-11-22,2655.9,2658.0,2634.48,2645.43,149309063,(49742465,)
2018-11-23,2640.67,2642.04,2577.35,2579.48,191474549,(93650992,)
2018-11-26,2580.84,2595.0,2568.04,2575.81,134314540,(52101722,)
2018-11-27,2585.83,2592.54,2566.17,2574.68,123658436,(30278579,)
2018-11-28,2575.45,2601.96,2561.56,2601.74,145963473,(17171608,)
2018-11-29,2613.78,2617.55,2567.44,2567.44,157168738,(86311056,)
2018-11-30,2564.56,2590.21,2555.32,2588.19,139329021,(27132897,)
2018-12-03,2647.13,2665.3,2629.18,2654.8,207478955,(1050041,)
2018-12-04,2651.56,2666.08,2644.9,2665.96,167940558,(23528453,)
2018-12-05,2629.83,2660.39,2625.91,2649.81,154502056,(73204042,)
2018-12-06,2629.82,2633.68,2603.13,2605.18,141661650,(83886264,)
2018-12-07,2609.34,2614.58,2599.28,2605.89,109074993,(41157364,)
2018-12-10,2589.19,2599.76,2576.24,2584.58,113199669,(73859394,)
2018-12-11,2587.01,2596.15,2583.2,2594.09,101304364,(23593989,)
2018-12-12,2608.11,2610.01,2595.08,2602.15,103518301,(40829647,)
2018-12-13,2607.14,2645.84,2599.46,2634.05,150738115,(15074454,)
2018-12-14,2627.28,2629.16,2593.74,2593.74,145942488,(88604781,)
2018-12-17,2587.26,2598.97,2573.87,2597.97,117363250,(45875903,)
2018-12-18,2583.63,2599.15,2563.57,2576.65,117033370,(67568000,)
2018-12-19,2578.68,2579.87,2547.08,2549.56,107661797,(78971101,)
2018-12-20,2544.51,2554.86,2516.02,2536.27,120566496,(34538332,)
2018-12-21,2526.55,2527.42,2498.69,2516.25,115671200,(68813154,)
2018-12-24,2506.74,2529.44,2500.44,2527.01,97339852,(19989568,)
2018-12-25,2503.95,2513.96,2462.84,2504.82,140670560,(77201688,)
2018-12-26,2501.12,2513.83,2492.08,2498.29,108799629,(50856539,)
2018-12-27,2527.72,2532.0,2483.09,2483.09,135406843,(77398265,)
2018-12-28,2483.62,2505.11,2478.33,2493.9,119245250,(38929168,)
2019-01-02,2497.88,2500.28,2456.42,2465.29,109932013,(53412423,)
2019-01-03,2461.78,2488.48,2455.93,2464.36,124397497,(50266721,)
2019-01-04,2446.02,2515.32,2440.91,2514.87,168877667,(4261254,)
2019-01-07,2528.7,2536.98,2515.51,2533.09,177305010,(9438500,)
2019-01-08,2530.3,2531.35,2520.16,2526.46,158099181,(55181874,)
2019-01-09,2536.42,2574.41,2536.16,2544.35,191887930,(38667038,)
2019-01-10,2543.85,2551.83,2531.66,2535.1,159874326,(58065410,)
2019-01-11,2539.55,2554.79,2533.36,2553.83,149444100,(22348861,)
2019-01-14,2553.33,2556.29,2533.01,2535.77,144825464,(63570359,)
2019-01-15,2537.37,2571.5,2532.43,2570.35,160265530,(14943392,)
2019-01-16,2569.07,2574.24,2563.01,2570.42,149301539,(54854206,)
2019-01-17,2573.58,2582.56,2557.71,2559.64,162468134,(71172444,)
2019-01-18,2567.74,2598.88,2565.9,2596.01,190767237,(22414405,)
2019-01-21,2599.06,2618.98,2599.06,2610.51,163425115,(33686368,)
2019-01-22,2609.64,2609.64,2573.06,2579.7,152537773,(77267213,)
2019-01-23,2575.26,2589.51,2572.41,2581.0,131426798,(44499676,)
2019-01-24,2584.65,2597.29,2569.7,2591.69,154042046,(36111173,)
2019-01-25,2596.26,2617.0,2595.63,2601.72,159394026,(65143228,)
2019-01-28,2615.71,2630.32,2591.1,2596.98,146981765,(63832520,)
2019-01-29,2592.36,2601.74,2559.98,2594.25,155581112,(76022064,)
2019-01-30,2584.75,2598.82,2575.41,2575.58,120502571,(76153120,)
2019-01-31,2581.33,2606.63,2571.58,2584.57,154303869,(71762284,)
2019-02-01,2597.78,2618.48,2590.55,2618.23,131986850,(4523403,)
2019-02-11,2613.17,2654.1,2613.17,2653.9,154898858,(3474836,)
2019-02-12,2654.04,2674.48,2648.83,2671.89,184101179,(12322024,)
2019-02-13,2674.52,2727.08,2666.52,2721.07,243794010,(7144779,)
2019-02-14,2715.54,2729.46,2707.49,2719.7,197037349,(40305409,)
2019-02-15,2712.79,2715.63,2679.79,2682.39,196004265,(62456270,)
2019-02-18,2699.82,2754.36,2699.82,2754.36,260436007,(460243,)
2019-02-19,2759.5,2780.78,2737.59,2755.65,288046271,(52626018,)
2019-02-20,2761.06,2767.41,2739.98,2761.22,245972527,(45417168,)
2019-02-21,2759.94,2794.01,2744.98,2751.8,298649969,(69075343,)
2019-02-22,2749.46,2804.23,2736.33,2804.23,301481411,(8586562,)
2019-02-25,2838.39,2961.8,2838.39,2961.28,528658590,(132570,)
2019-02-26,2969.1,2995.68,2938.62,2941.52,565557967,(52822661,)
2019-02-27,2939.93,2997.49,2924.64,2953.82,474976453,(56689220,)
2019-02-28,2950.05,2965.3,2930.2,2940.95,350206602,(36176774,)
2019-03-01,2954.4,2994.01,2930.83,2994.01,345786200,(34997130,)
2019-03-04,3015.94,3090.8,3006.94,3027.58,525649436,(11142403,)
2019-03-05,3019.88,3054.96,3009.45,3054.25,424142529,(12715259,)
2019-03-06,3060.43,3103.83,3050.11,3102.1,555006365,(16843967,)
2019-03-07,3103.67,3129.94,3074.98,3106.42,583817065,(27657238,)
2019-03-08,3038.34,3075.05,2969.58,2969.86,577855473,(90570865,)
2019-03-11,2969.08,3028.25,2963.58,3026.99,426213029,(5047688,)
2019-03-12,3049.08,3093.39,3029.9,3060.31,511173158,(19334272,)
2019-03-13,3062.33,3065.29,3013.93,3026.95,453214625,(73924959,)
2019-03-14,3013.6,3041.16,2968.82,2990.69,373141798,(81789166,)
2019-03-15,3000.88,3048.12,2999.43,3021.75,341206139,(13960420,)
2019-03-18,3027.8,3096.42,3009.51,3096.42,397797179,(9962801,)
2019-03-19,3099.9,3113.43,3076.36,3090.98,350908860,(49742511,)
2019-03-20,3084.17,3102.52,3053.45,3090.64,358557505,(50725544,)
2019-03-21,3094.12,3125.02,3086.85,3101.46,414251182,(30213095,)
2019-03-22,3100.73,3107.28,3064.88,3104.15,364848346,(46334694,)
2019-03-25,3058.8,3087.0,3041.95,3043.03,380278762,(70648211,)
2019-03-26,3057.56,3062.69,2988.49,2997.1,353498021,(83886287,)
2019-03-27,3012.26,3022.76,2987.77,3022.72,291390357,(37880690,)
2019-03-28,3009.8,3025.78,2991.78,2994.94,288106425,(75891001,)
2019-03-29,3000.68,3093.03,2999.99,3090.76,375082991,(7144801,)
2019-04-01,3111.66,3176.62,3111.66,3170.36,466124693,(1574331,)
2019-04-02,3183.27,3193.27,3164.91,3176.82,447068981,(47907538,)
2019-04-03,3159.15,3219.26,3152.33,3216.3,430548635,(23462993,)
2019-04-04,3233.69,3254.14,3216.85,3246.57,469117669,(45089524,)
2019-04-08,3271.27,3288.45,3210.52,3244.81,504518403,(59703860,)
2019-04-09,3240.39,3251.65,3215.7,3239.66,364169997,(44106518,)
2019-04-10,3224.65,3264.78,3204.88,3241.93,380134408,(54592117,)
2019-04-11,3241.55,3254.13,3185.55,3189.96,353031879,(80543990,)
2019-04-12,3184.86,3199.28,3168.04,3188.63,289788996,(46990040,)
2019-04-15,3233.46,3253.98,3177.27,3177.79,348809785,(68223396,)
2019-04-16,3164.4,3253.6,3153.21,3253.6,357918752,(11797776,)
2019-04-17,3250.15,3275.33,3239.8,3263.12,357541796,(37815151,)
2019-04-18,3261.07,3271.39,3241.83,3250.2,325539942,(68813219,)
2019-04-19,3250.15,3274.33,3226.81,3270.8,315198004,(36307839,)
2019-04-22,3278.49,3279.49,3206.88,3215.04,353217387,(73924956,)
2019-04-23,3211.87,3231.58,3186.76,3198.59,328361207,(75235658,)
2019-04-24,3203.56,3210.65,3156.61,3201.61,274872164,(30933978,)
